case_id,note,frequency_hz,re_z,im_z,abs_z,angle_z_rad,angle_z_deg,abs_y,angle_y_rad,angle_y_deg
flute_probe,all_closed,100.0,1043.2821012557552,4228467.685879037,4228467.814582577,1.570549598628197,89.98586351736111,2.3649228132973676e-07,-1.570549598628197,-89.98586351736111
flute_probe,all_closed,105.0,1527.8458123363937,5124309.088438459,5124309.316206996,1.570498170352595,89.98291689422149,1.9514825087494875e-07,-1.570498170352595,-89.98291689422149
flute_probe,all_closed,110.0,2432.0258031164103,6440992.192037791,6440992.651186718,1.5704187412281039,89.97836594061772,1.55255572262725e-07,-1.5704187412281039,-89.97836594061772
flute_probe,all_closed,115.0,4411.564956997284,8587833.299694812,8587834.43280391,1.5702826274233563,89.97056719407222,1.1644379125198181e-07,-1.5702826274233563,-89.97056719407222
flute_probe,all_closed,120.0,10085.607645795491,12758694.561022623,12758698.54730293,1.5700058379641766,89.95470832624751,7.837790008851576e-08,-1.5700058379641766,-89.95470832624751
flute_probe,all_closed,125.0,39312.584275297275,24541958.70995845,24541990.196408026,1.5691944762207224,89.90822072268921,4.0746491706543024e-08,-1.5691944762207224,-89.90822072268921
flute_probe,all_closed,130.0,6621745.7086044485,307416399.5211914,307487707.4141374,1.5492596686844082,88.76604038545283,3.2521625284133964e-09,-1.5492596686844082,-88.76604038545283
flute_probe,all_closed,135.0,64724.1903360925,-29068566.63761408,29068638.69509931,-1.568569726351165,-89.87242519191223,3.440133576563357e-08,1.568569726351165,89.87242519191223
flute_probe,all_closed,140.0,16239.826974228512,-13791064.680408906,13791074.242103193,-1.5696187658273972,-89.93253072644295,7.251066758433288e-08,1.5696187658273972,89.93253072644295
flute_probe,all_closed,145.0,7812.390623154735,-8977441.05110279,8977444.450369649,-1.5699261023504698,-89.95013981210523,1.113902743178572e-07,1.5699261023504698,89.95013981210523
flute_probe,all_closed,150.0,4884.119049904375,-6605954.939747649,6605956.745286428,-1.5700569759811989,-89.95763831879556,1.513785267688187e-07,1.5700569759811989,89.95763831879556
flute_probe,all_closed,155.0,3528.025544473722,-5185354.882318118,5185356.08252168,-1.5701159442405404,-89.96101695118107,1.9285078673202557e-07,1.5701159442405404,89.96101695118107
flute_probe,all_closed,160.0,2793.966881639088,-4233086.072263176,4233086.994315073,-1.5701362961628185,-89.96218303043257,2.3623421898557113e-07,1.5701362961628185,89.96218303043257
flute_probe,all_closed,165.0,2357.431837179983,-3545763.598749592,3545764.3824290587,-1.570131468175824,-89.96190640715425,2.820266357673041e-07,1.570131468175824,89.96190640715425
flute_probe,all_closed,170.0,2082.365480948752,-3022779.76300726,3022780.4802684933,-1.5701074360007266,-89.96052946494865,3.3082124438992564e-07,1.5701074360007266,89.96052946494865
flute_probe,all_closed,175.0,1903.3044432618337,-2608649.0640952797,2608649.758433083,-1.570066713857792,-89.95819625802577,3.833400772822266e-07,1.570066713857792,89.95819625802577
flute_probe,all_closed,180.0,1785.462705405193,-2270248.1668900787,2270248.8689887803,-1.5700098654893313,-89.95493908644076,4.404803427764387e-07,1.5700098654893313,89.95493908644076
flute_probe,all_closed,185.0,1708.9162462988395,-1986568.6562801327,1986569.3913149342,-1.5699360918267462,-89.95071216693542,5.033803522655143e-07,1.5699360918267462,89.95071216693542
flute_probe,all_closed,190.0,1661.5673092190448,-1743630.3356316902,1743631.127314778,-1.5698433915469165,-89.94540083214149,5.735157994913851e-07,1.5698433915469165,89.94540083214149
flute_probe,all_closed,195.0,1635.722213660703,-1531757.626394438,1531758.4997657703,-1.5697284544607173,-89.93881542219275,6.528444269464903e-07,1.5697284544607173,89.93881542219275
flute_probe,all_closed,200.0,1626.3042855660058,-1344030.1072512283,1344031.0911818137,-1.5695863066598754,-89.93067095313744,7.440304071542677e-07,1.5695863066598754,89.93067095313744
flute_probe,all_closed,205.0,1629.8651497724259,-1175356.0158032754,1175357.1458690146,-1.5694096285663162,-89.92054804404408,8.508052241947598e-07,1.5694096285663162,89.92054804404408
flute_probe,all_closed,210.0,1644.0110368371109,-1021894.6109872374,1021895.933418392,-1.5691875409173492,-89.90782335907629,9.785732258028009e-07,1.5691875409173492,89.90782335907629
flute_probe,all_closed,215.0,1667.0565290149707,-880682.9282660628,880684.5060614828,-1.5689034156410346,-89.89154417989047,1.1354804054315764e-06,1.5689034156410346,89.89154417989047
flute_probe,all_closed,220.0,1697.8087661617471,-749386.9592114385,749388.882484103,-1.5685307337786445,-89.87019108207444,1.3344206504440814e-06,1.5685307337786445,89.87019108207444
flute_probe,all_closed,225.0,1735.4295868272202,-626131.0894886223,626133.4945042152,-1.5680246625667,-89.84119533749696,1.5971035071232213e-06,1.5680246625667,89.84119533749696
flute_probe,all_closed,230.0,1779.3460242977042,-509378.14839415037,509381.25616646645,-1.5673031679450053,-89.79985674073247,1.9631660723558287e-06,1.5673031679450053,89.79985674073247
flute_probe,all_closed,235.0,1829.1919616371715,-397842.9650264571,397847.1701096732,-1.5661985853914178,-89.7365688222881,2.5135279954971983e-06,1.5661985853914178,89.7365688222881
flute_probe,all_closed,240.0,1884.7707158371575,-290428.528826449,290434.6444846875,-1.5643067981491448,-89.62817739756917,3.4431154099204673e-06,1.5643067981491448,89.62817739756917
flute_probe,all_closed,245.0,1946.0324036955653,-186177.60622055727,186187.7764519817,-1.5603441484908218,-89.40113429645831,5.370921867461597e-06,1.5603441484908218,89.40113429645831
flute_probe,all_closed,250.0,2013.0624476591909,-84234.99018848287,84259.04101324665,-1.5469027008896212,-88.63099607836327,1.1868162608719777e-05,1.5469027008896212,88.63099607836327
flute_probe,all_closed,255.0,2086.0792133134323,16182.97637565298,16316.876259234205,1.4425975066117138,82.65474866494708,6.128624033868433e-05,-1.4425975066117138,-82.65474866494708
flute_probe,all_closed,260.0,2165.439932625588,115814.0351301277,115834.2775832105,1.5521009446845533,88.92883350869295,8.633023150523313e-06,-1.5521009446845533,-88.92883350869295
flute_probe,all_closed,265.0,2251.6550056437795,215372.65663074434,215384.42649005278,1.560342014671461,89.40101203761469,4.642861214695036e-06,-1.560342014671461,-89.40101203761469
flute_probe,all_closed,270.0,2345.4116618358767,315571.2054288726,315579.92117955664,1.5633641896509138,89.57416990888737,3.1687694079593437e-06,-1.5633641896509138,-89.57416990888737
flute_probe,all_closed,275.0,2447.608949711433,417140.9730889875,417148.153800539,1.5649288119282037,89.66381616190823,2.3972298352257694e-06,-1.5649288119282037,-89.66381616190823
flute_probe,all_closed,280.0,2559.407271313375,520854.411878631,520860.7001291372,1.5658825032515356,89.71845864969339,1.919899120344594e-06,-1.5658825032515356,-89.71845864969339
flute_probe,all_closed,285.0,2682.297398768689,627550.0343227315,627555.766683565,1.566522116105933,89.75510576677269,1.5934838831689587e-06,-1.566522116105933,-89.75510576677269
flute_probe,all_closed,290.0,2818.1964181440335,738161.7457985856,738167.1255152636,1.566978487762201,89.78125393656624,1.3547067668476414e-06,-1.566978487762201,-89.78125393656624
flute_probe,all_closed,295.0,2969.5818419265574,853754.9023297677,853760.0668035646,1.5673180804524345,89.8007111644701,1.1712892636732828e-06,-1.5673180804524345,-89.8007111644701
flute_probe,all_closed,300.0,3139.6810464430405,975572.2317009578,975577.2839006967,1.5675780410495594,89.81560580952507,1.0250341172373887e-06,-1.5675780410495594,-89.81560580952507
flute_probe,all_closed,305.0,3332.742649306575,1105094.0923142782,1105099.11774532,1.5677805360412214,89.82720791791984,9.048962069938587e-07,-1.5677805360412214,-89.82720791791984
flute_probe,all_closed,310.0,3554.43196174297,1244119.6617449624,1244124.7392150718,1.5679393489653317,89.8363072282035,8.037779239330196e-07,-1.5679393489653317,-89.8363072282035
flute_probe,all_closed,315.0,3812.418815736188,1394879.052649452,1394884.2626029798,1.5680631799206566,89.84340221931667,7.169053568171381e-07,-1.5680631799206566,-89.84340221931667
flute_probe,all_closed,320.0,4117.271503975132,1560191.9527088031,1560197.3853400557,1.5681573810297842,89.84879954529514,6.40944542912462e-07,-1.5681573810297842,-89.84879954529514
flute_probe,all_closed,325.0,4483.8521191548725,1743697.844538357,1743703.609555689,1.5682248708226316,89.85266642558551,5.734919595967394e-07,-1.5682248708226316,-89.85266642558551
flute_probe,all_closed,330.0,4933.560464959897,1950199.3634603,1950205.60384279,1.5682665598218772,89.8550550292944,5.127664478194229e-07,-1.5682665598218772,-89.8550550292944
flute_probe,all_closed,335.0,5498.068799518054,2186190.230018392,2186197.1435779515,1.5682814234105815,89.85590665019558,4.5741528980473836e-07,-1.5682814234105815,-89.85590665019558
flute_probe,all_closed,340.0,6225.7915259954725,2460695.676067564,2460703.5519740554,1.5682662381284866,89.85503659762082,4.063878394444418e-07,-1.5682662381284866,-89.85503659762082
flute_probe,all_closed,345.0,7193.632978530994,2786665.561432999,2786674.846413216,1.5682148842640826,89.8520942379288,3.5885062130126865e-07,-1.5682148842640826,-89.8520942379288
flute_probe,all_closed,350.0,8529.554362878358,3183397.233016146,3183408.6599857835,1.568116945829509,89.8464827789756,3.1412869248287637e-07,-1.568116945829509,-89.8464827789756
flute_probe,all_closed,355.0,10458.999674021508,3681001.772398677,3681016.6311871493,1.5679549884378894,89.83720330397486,2.7166408093013547e-07,-1.5679549884378894,-89.83720330397486
flute_probe,all_closed,360.0,13408.93023034766,4329254.0194337275,4329274.785018042,1.5676990524625625,89.82253925276305,2.3098556909822776e-07,-1.5676990524625625,-89.82253925276305
flute_probe,all_closed,365.0,18268.05480790671,5216829.300751371,5216861.285773708,1.567294586736722,89.79936507371471,1.9168613946607762e-07,-1.567294586736722,-89.79936507371471
flute_probe,all_closed,370.0,27141.300784568466,6518608.43177301,6518664.935168126,1.5666326860073279,89.76144095546378,1.534056451659313e-07,-1.5666326860073279,-89.76144095546378
flute_probe,all_closed,375.0,46050.664532675575,8634184.498272723,8634307.303653078,1.565462849395966,89.69441425491286,1.1581704991863229e-07,-1.565462849395966,-89.69441425491286
flute_probe,all_closed,380.0,98435.1158662502,12719819.695147745,12720200.57031744,1.5630577618406885,89.55661288863602,7.8615112589773e-08,-1.5630577618406885,-89.55661288863602
flute_probe,all_closed,385.0,354800.29862591636,24089636.92876665,24092249.596326675,1.5560690543115874,89.15618944296723,4.150712435556326e-08,-1.5560690543115874,-89.15618944296723
flute_probe,all_closed,390.0,34891032.63956807,233228544.47636023,235823955.7746773,1.4222974224089306,81.4916395163674,4.240451300695973e-09,-1.4222974224089306,-81.4916395163674
flute_probe,all_closed,395.0,582380.4652761526,-29740379.50905506,29746081.092287727,-1.551216682820912,-88.87816903592193,3.3617873793105145e-08,1.551216682820912,88.87816903592193
flute_probe,all_closed,400.0,135253.98009581497,-13844000.456084,13844661.14670871,-1.561026775180757,-89.44024592477457,7.223000905570953e-08,1.561026775180757,89.44024592477457
flute_probe,all_closed,405.0,61585.94606841831,-8928819.702106822,8929032.092085015,-1.5638990020074386,-89.60481239974769,1.1199422173501116e-07,1.5638990020074386,89.60481239974769
flute_probe,all_closed,410.0,36692.934286850366,-6523583.905942893,6523687.097746466,-1.5651717272075576,-89.67773418219446,1.5328754813293218e-07,1.5651717272075576,89.67773418219446
flute_probe,all_closed,415.0,25357.05800001326,-5087897.569964952,5087960.756810697,-1.5658125692186486,-89.71445172476464,1.96542396413221e-07,1.5658125692186486,89.71445172476464
flute_probe,all_closed,420.0,19265.077753835172,-4127669.0150864893,4127713.972809396,-1.566129058707999,-89.73258523676468,2.422648484336191e-07,1.566129058707999,89.73258523676468
flute_probe,all_closed,425.0,15629.85156492141,-3435679.758116976,3435715.310178459,-1.566247083314124,-89.73934754857433,2.910602042717148e-07,1.566247083314124,89.73934754857433
flute_probe,all_closed,430.0,13300.983391745673,-2909756.2180759492,2909786.6184294065,-1.566225191018508,-89.73809321243168,3.4366781181355583e-07,1.566225191018508,89.73809321243168
flute_probe,all_closed,435.0,11732.586852935172,-2493678.256342857,2493705.856702313,-1.566091429420151,-89.7304292373849,4.0100960476645974e-07,1.566091429420151,89.7304292373849
flute_probe,all_closed,440.0,10638.20859890227,-2153941.7056408455,2153967.976266404,-1.565857417783451,-89.71702135824503,4.6425945558083795e-07,1.565857417783451,89.71702135824503
flute_probe,all_closed,445.0,9855.63345614195,-1869325.3018893397,1869351.28260969,-1.5655240811732292,-89.69792257732213,5.349449348032434e-07,1.5655240811732292,89.69792257732213
flute_probe,all_closed,450.0,9287.352752623161,-1625722.73952297,1625749.2674835264,-1.5650836357583497,-89.67268691394365,6.151009998902756e-07,1.5650836357583497,89.67268691394365
flute_probe,all_closed,455.0,8871.87965060004,-1413380.2203219635,1413408.0647307404,-1.5645193441373861,-89.64035538564784,7.075097595332483e-07,1.5645193441373861,89.64035538564784
flute_probe,all_closed,460.0,8568.900001530576,-1225327.0417407409,1225357.0031906422,-1.5638032873624164,-89.59932835455032,8.16088696923552e-07,1.5638032873624164,89.59932835455032
flute_probe,all_closed,465.0,8351.12216859986,-1056438.2429689486,1056471.2501761673,-1.5628915124051654,-89.54708749763412,9.46547291119611e-07,1.5628915124051654,89.54708749763412
flute_probe,all_closed,470.0,8199.580927295856,-902850.7730907171,902888.0061214063,-1.561714698083251,-89.47966100371788,1.1075570759830597e-06,1.561714698083251,89.47966100371788
flute_probe,all_closed,475.0,8100.8188319992805,-761586.5715162773,761629.653558517,-1.5601599610229249,-89.39058113190862,1.3129740882957477e-06,1.5601599610229249,89.39058113190862
flute_probe,all_closed,480.0,8045.135164719128,-630301.4989290929,630352.8406789962,-1.5580330725093938,-89.26871939658844,1.586413093534776e-06,1.5580330725093938,89.26871939658844
flute_probe,all_closed,485.0,8025.466286103755,-507113.36810089764,507176.8687703984,-1.5549718644864956,-89.09332509666477,1.971698753581574e-06,1.5549718644864956,89.09332509666477
flute_probe,all_closed,490.0,8036.6527664515725,-390481.1027653047,390563.7968430983,-1.5502178193150538,-88.82093837272662,2.560401163863458e-06,1.5502178193150538,88.82093837272662
flute_probe,all_closed,495.0,8074.9512777270365,-279117.7333769421,279234.5142055677,-1.5418741243049174,-88.34287986310143,3.5812191871948065e-06,1.5418741243049174,88.34287986310143
flute_probe,all_closed,500.0,8137.706379963437,-171926.2185192799,172118.69997029865,-1.5234990765709455,-87.29006717959342,5.8099439524732825e-06,1.5234990765709455,87.29006717959342
flute_probe,all_closed,505.0,8223.130341886974,-67950.87966717742,68446.63556496323,-1.4503661372660623,-83.0998584140372,1.4609921901141401e-05,1.4503661372660623,83.0998584140372
flute_probe,all_closed,510.0,8330.158886026495,33660.41040723557,34675.85292173761,1.3281941758350768,76.09992064920665,2.88385119828767e-05,-1.3281941758350768,-76.09992064920665
flute_probe,all_closed,515.0,8458.363034636393,133686.66324277263,133953.97655244204,1.507610491330242,86.37971830286725,7.465250571404327e-06,-1.507610491330242,-86.37971830286725
flute_probe,all_closed,520.0,8607.905260111822,232859.27141169345,233018.31755325967,1.533847024607058,87.88296092868335,4.291508111895261e-06,-1.533847024607058,-87.88296092868335
flute_probe,all_closed,525.0,8779.533771718196,331884.4129922251,332000.5177713471,1.5443489061347209,88.48467441716484,3.012043495331873e-06,-1.5443489061347209,-88.48467441716484
flute_probe,all_closed,530.0,8974.613153761471,431463.8584960191,431557.1860941867,1.5499989436386576,88.80839772023104,2.317190009163123e-06,-1.5499989436386576,-88.80839772023104
flute_probe,all_closed,535.0,9195.193511103289,532315.4988357782,532394.9115877142,1.553524090476623,89.01037375621034,1.8783049541510241e-06,-1.553524090476623,-89.01037375621034
flute_probe,all_closed,540.0,9444.124443906858,635194.8824183153,635265.0865087182,1.5559293483403724,89.14818488044384,1.5741460080795359e-06,-1.5559293483403724,-89.14818488044384
flute_probe,all_closed,545.0,9725.225262695149,740919.1594089415,740982.9827908755,1.5576711879989735,89.2479849414702,1.3495586581942142e-06,-1.5576711879989735,-89.2479849414702
flute_probe,all_closed,550.0,10043.529764273975,850395.100250487,850454.4073730005,1.5589864482778875,89.32334380441316,1.1758419867432234e-06,-1.5589864482778875,-89.32334380441316
flute_probe,all_closed,555.0,10405.633943727307,964653.3305830329,964709.4512974924,1.5600098296661604,89.38197923879343,1.036581531004017e-06,-1.5600098296661604,-89.38197923879343
flute_probe,all_closed,560.0,10820.190339572222,1084891.692995368,1084945.6493526946,1.560823136230957,89.42857827240657,9.217051569326302e-07,-1.560823136230957,-89.42857827240657
flute_probe,all_closed,565.0,11298.616869716461,1212531.858447834,1212584.4987027198,1.5614783944102069,89.46612180056901,8.246847960450153e-07,-1.5614783944102069,-89.46612180056901
flute_probe,all_closed,570.0,11856.127249321864,1349295.2251583952,1349347.3134773702,1.5620096491972302,89.49656045771157,7.410990410044425e-07,-1.5620096491972302,-89.49656045771157
flute_probe,all_closed,575.0,12513.255632072223,1497307.2082390396,1497359.4950482333,1.5624393481755057,89.52118039562784,6.678422939227347e-07,-1.5624393481755057,-89.52118039562784
flute_probe,all_closed,580.0,13298.160948039185,1659244.034200202,1659297.3229995768,1.5627819082072227,89.5408076396751,6.026647461783769e-07,-1.5627819082072227,-89.5408076396751
flute_probe,all_closed,585.0,14250.197038566217,1838544.5631416864,1838599.787548528,1.56304567882336,89.55592058273932,5.43892154656091e-07,-1.56304567882336,-89.55592058273932
flute_probe,all_closed,590.0,15425.604586239793,2039724.2172101447,2039782.545162692,1.563233877720529,89.56670358525612,4.90248336702107e-07,-1.563233877720529,-89.56670358525612
flute_probe,all_closed,595.0,16906.89138368384,2268854.2142371084,2268917.2061663573,1.5633447336731057,89.57305516347267,4.407388675453855e-07,-1.5633447336731057,-89.57305516347267
flute_probe,all_closed,600.0,18818.898147466214,2534318.1726894146,2534388.0427731066,1.5633708375761883,89.57455080694812,3.945725686528288e-07,-1.5633708375761883,-89.57455080694812
flute_probe,all_closed,605.0,21357.58946108382,2848054.121999566,2848134.201273933,1.563297456264167,89.57034636747417,3.5110705090817445e-07,-1.563297456264167,-89.57034636747417
flute_probe,all_closed,610.0,24844.5092628499,3227689.4988447255,3227785.115306319,1.5630991741962459,89.55898564182917,3.098099669826067e-07,-1.5630991741962459,-89.55898564182917
flute_probe,all_closed,615.0,29836.742417934332,3700420.957078188,3700541.242951032,1.562733434438411,89.53803029730508,2.7023074040989215e-07,-1.562733434438411,-89.53803029730508
flute_probe,all_closed,620.0,37367.721879785466,4310565.742643013,4310727.707509023,1.5621276767612966,89.50332293899878,2.3197939370145362e-07,-1.5621276767612966,-89.50332293899878
flute_probe,all_closed,625.0,49532.102205839095,5135598.017856108,5135836.877292396,1.561151770067439,89.44740760424219,1.9471023396817811e-07,-1.561151770067439,-89.44740760424219
flute_probe,all_closed,630.0,71115.58495552109,6324355.932672833,6324755.757304595,1.5595520849196816,89.35575239672592,1.5810887224302356e-07,-1.5595520849196816,-89.35575239672592
flute_probe,all_closed,635.0,115103.82496534938,8203880.207776674,8204687.645125287,1.5567668346377925,89.19616931068605,1.2188154421626738e-07,-1.5567668346377925,-89.19616931068605
flute_probe,all_closed,640.0,227738.62567701342,11660098.78516962,11662322.605790807,1.5512673607505376,88.88107266740394,8.57462131516976e-08,-1.5512673607505376,-88.88107266740394
flute_probe,all_closed,645.0,684695.3121709233,20220295.121314146,20231884.303335406,1.5369474738126283,88.06060358275722,4.942693349799067e-08,-1.5369474738126283,-88.06060358275722
flute_probe,all_closed,650.0,10579091.774298914,78005121.24000116,78719223.33481395,1.4359982775409073,82.27664069114982,1.2703377366246769e-08,-1.4359982775409073,-82.27664069114982
flute_probe,all_closed,655.0,2835092.673880561,-39790274.919491574,39891148.499864124,-1.4996656394185066,-85.92451181946838,2.5068217827907522e-08,1.4996656394185066,85.92451181946838
flute_probe,all_closed,660.0,468000.636836662,-15682352.780371414,15689334.381168071,-1.5409626795287499,-88.29065792416779,6.373756691681586e-08,1.5409626795287499,88.29065792416779
flute_probe,all_closed,665.0,192015.01663040495,-9621591.245461166,9623507.045840748,-1.550842295636438,-88.85671823034778,1.0391222194118902e-07,1.550842295636438,88.85671823034778
flute_probe,all_closed,670.0,108274.92391611122,-6848979.010005592,6849834.81104809,-1.554988729045935,-89.094291364744,1.4598892200832367e-07,1.554988729045935,89.094291364744
flute_probe,all_closed,675.0,72154.5123763398,-5250098.958465164,5250594.761294502,-1.5570537344074689,-89.21260745663177,1.9045461427944143e-07,1.5570537344074689,89.21260745663177
flute_probe,all_closed,680.0,53359.462434833455,-4203205.791776748,4203544.475827149,-1.5581020646396855,-89.27267235447376,2.3789447352123614e-07,1.5581020646396855,89.27267235447376
flute_probe,all_closed,685.0,42368.384092273045,-3459661.75644877,3459921.176703998,-1.558550544053504,-89.29836833208405,2.890239253810468e-07,1.558550544053504,89.29836833208405
flute_probe,all_closed,690.0,35411.877369642905,-2900561.009973364,2900777.1671806406,-1.558588302892846,-89.30053175421767,3.447352010743839e-07,1.558588302892846,89.30053175421767
flute_probe,all_closed,695.0,30753.607334099444,-2461866.153916644,2462058.233300827,-1.558304986542013,-89.2842989230479,4.06164235465431e-07,1.558304986542013,89.2842989230479
flute_probe,all_closed,700.0,27502.680476214817,-2106019.5911488747,2106199.163359498,-1.5577379880597129,-89.25181230302178,4.747889076192337e-07,1.5577379880597129,89.25181230302178
flute_probe,all_closed,705.0,25163.461434974186,-1809526.2940712024,1809701.2484734736,-1.5568911187462118,-89.20329026555902,5.525773941105053e-07,1.5568911187462118,89.20329026555902
flute_probe,all_closed,710.0,23442.276284895026,-1556923.5405364658,1557100.0132920241,-1.5557406709416064,-89.13737446180504,6.422195051464922e-07,1.5557406709416064,89.13737446180504
flute_probe,all_closed,715.0,22156.124478681908,-1337607.3233060357,1337790.8077176537,-1.5542338438222707,-89.05103962741124,7.475010249966183e-07,1.5542338438222707,89.05103962741124
flute_probe,all_closed,720.0,21186.19193426112,-1144051.9496343504,1144248.1016767446,-1.5522798856521938,-88.93908607092074,8.739363417204992e-07,1.5522798856521938,88.93908607092074
flute_probe,all_closed,725.0,20452.684116488068,-970757.7232732794,970973.1559534947,-1.5497306600894918,-88.79302620515105,1.0298945896377544e-06,1.5497306600894918,88.79302620515105
flute_probe,all_closed,730.0,19900.492730875674,-813601.2709316576,813844.6151892511,-1.546341441856287,-88.59883830453963,1.2287357824041884e-06,1.546341441856287,88.59883830453963
flute_probe,all_closed,735.0,19490.677380116027,-669419.2948718037,669702.9780816259,-1.5416887514378923,-88.33225878018466,1.4931992730038544e-06,1.5416887514378923,88.33225878018466
flute_probe,all_closed,740.0,19195.217231615938,-535733.1546350267,536076.9248342689,-1.534981837302071,-87.94798090664545,1.8654039255824255e-06,1.534981837302071,87.94798090664545
flute_probe,all_closed,745.0,18993.67720905413,-410561.3501894292,411000.4647725947,-1.524566587324274,-87.35123104034398,2.433087272914149e-06,1.524566587324274,87.35123104034398
flute_probe,all_closed,750.0,18871.035731746946,-292288.4863257078,292897.0386128244,-1.506322762482666,-86.3059368747439,3.414169036109249e-06,1.506322762482666,86.3059368747439
flute_probe,all_closed,755.0,18816.24032158246,-179571.43128225088,180554.5619268472,-1.4663931672279966,-84.01813958898575,5.53849201774894e-06,1.4663931672279966,84.01813958898575
flute_probe,all_closed,760.0,18821.23349042862,-71270.46636882937,73713.75859723658,-1.3126087357957978,-75.20694071310176,1.3565988480710689e-05,1.3126087357957978,75.20694071310176
flute_probe,all_closed,765.0,18880.29200966306,33602.517130285174,38543.41167905684,1.0588845370788362,60.669614966281245,2.5944771270555825e-05,-1.0588845370788362,-60.669614966281245
flute_probe,all_closed,770.0,18989.582241118467,135924.09253417864,137244.1735190684,1.431987511566749,82.04684072821588,7.28628381343316e-06,-1.431987511566749,-82.04684072821588
flute_probe,all_closed,775.0,19146.87072277896,236491.31451725183,237265.13545098138,1.4900102762036054,85.37130025758867,4.214694241103951e-06,-1.4900102762036054,-85.37130025758867
flute_probe,all_closed,780.0,19351.35251962482,336048.3038043965,336605.01679884497,1.5132748192286904,86.70426038522656,2.970841045419116e-06,-1.5132748192286904,-86.70426038522656
flute_probe,all_closed,785.0,19603.575590443987,435309.3671025105,435750.55394470645,1.52579306944636,87.42150328958775,2.2948909437918755e-06,-1.52579306944636,-87.42150328958775
flute_probe,all_closed,790.0,19905.450963144584,534980.2211244573,535350.4123211445,1.5336056570279097,87.86913158508686,1.8679354250690722e-06,-1.5336056570279097,-87.86913158508686
flute_probe,all_closed,795.0,20260.348064476402,635778.6792679748,636101.4154326527,1.5389401247203918,88.17477406981497,1.572076363514829e-06,-1.5389401247203918,-88.17477406981497
flute_probe,all_closed,800.0,20673.283783847164,738456.101028725,738745.421514715,1.5428083590643153,88.39640757188936,1.3536462912346874e-06,-1.5428083590643153,-88.39640757188936
flute_probe,all_closed,805.0,21151.22431826449,843820.9876715714,844086.0344332134,1.5457355656960448,88.56412415765016,1.1847133576513676e-06,-1.5457355656960448,-88.56412415765016
flute_probe,all_closed,810.0,21703.532361426838,952766.3472151353,953013.5128646578,1.548020774774305,88.69505699313946,1.0493030649629572e-06,-1.548020774774305,-88.69505699313946
flute_probe,all_closed,815.0,22342.611296929193,1066302.8890690985,1066536.9395931263,1.5498460484070595,88.79963746875279,9.376140318041777e-07,-1.5498460484070595,-88.79963746875279
flute_probe,all_closed,820.0,23084.826673475935,1185600.8234032851,1185825.5443686026,1.5513277927168503,88.88453516402133,8.43294365473004e-07,-1.5513277927168503,-88.88453516402133
flute_probe,all_closed,825.0,23951.829913364392,1312044.171514598,1312262.7778618224,1.5525430009901429,88.95416146931038,7.620424939808032e-07,-1.5525430009901429,-88.95416146931038
flute_probe,all_closed,830.0,24972.48124257424,1447303.2792658766,1447518.7069579344,1.5535435479233,89.01148858578503,6.908373585731217e-07,-1.5535435479233,-89.01148858578503
flute_probe,all_closed,835.0,26185.68849640015,1593434.078065706,1593649.2247113658,1.5543643124394961,89.05851492853718,6.274906576013398e-07,-1.5543643124394961,-89.05851492853718
flute_probe,all_closed,840.0,27644.683310906814,1753017.2849863383,1753235.2466158764,1.5550278616023976,89.09653349507087,5.703741137592439e-07,-1.5550278616023976,-89.09653349507087
flute_probe,all_closed,845.0,29423.61840993852,1929358.500012085,1929582.8489311405,1.5555470417891004,89.12628032857575,5.182467291072435e-07,-1.5555470417891004,-89.12628032857575
flute_probe,all_closed,850.0,31628.033387694857,2126783.5372973843,2127018.6992631606,1.555926124176272,89.14800014944844,4.701416119879053e-07,-1.555926124176272,-89.14800014944844
flute_probe,all_closed,855.0,34412.00254987087,2351087.2008326245,2351339.0252871825,1.5561607379999143,89.16144253135856,4.2528958574056085e-07,-1.5561607379999143,-89.16144253135856
flute_probe,all_closed,860.0,38007.30789674895,2610238.0869879695,2610514.7818421125,1.5562364970451208,89.16578320490883,3.830662086097628e-07,-1.5562364970451208,-89.16578320490883
flute_probe,all_closed,865.0,42775.311089052586,2915528.4698517486,2915842.2429471114,1.5561258330102579,89.1594426227673,3.429540821074311e-07,-1.5561258330102579,-89.1594426227673
flute_probe,all_closed,870.0,49304.16019639724,3283536.4975554836,3283906.6416376093,1.5557818887816641,89.13973607008099,3.045153559850662e-07,-1.5557818887816641,-89.13973607008099
flute_probe,all_closed,875.0,58602.89912664077,3739660.2433950854,3740119.3879094073,1.5551269613988503,89.10221149515822,2.673711441492151e-07,-1.5551269613988503,-89.10221149515822
flute_probe,all_closed,880.0,72520.7220227911,4324919.58741049,4325527.5623546345,1.5540297893292612,89.03934816617112,2.3118567286521739e-07,-1.5540297893292612,-89.03934816617112
flute_probe,all_closed,885.0,94747.42761233155,5110193.43001626,5111071.704370865,1.5522575817873514,88.93780815359844,1.9565368240575146e-07,-1.5522575817873514,-88.93780815359844
flute_probe,all_closed,890.0,133536.08003885477,6229483.75637098,6230914.840981381,1.5493634701950694,88.77198777392078,1.6049007658119395e-07,-1.5493634701950694,-88.77198777392078
flute_probe,all_closed,895.0,210598.35990562418,7970349.67121002,7973131.477064241,1.544379748020822,88.48644152707065,1.2542123541755596e-07,-1.544379748020822,-88.48644152707065
flute_probe,all_closed,900.0,399414.47034971067,11081950.347985066,11089145.83880702,1.5347700278478722,87.93584511885891,9.017827112530613e-08,-1.5347700278478722,-87.93584511885891
flute_probe,all_closed,905.0,1093788.2802908511,18316813.359554943,18349442.074648265,1.5111521666686778,86.5826413521652,5.4497569786146685e-08,-1.5111521666686778,-86.5826413521652
flute_probe,all_closed,910.0,9988489.392388724,53936119.71973867,54853212.58380263,1.387679789910395,79.50819527746638,1.8230472799970248e-08,-1.387679789910395,-79.50819527746638
flute_probe,all_closed,915.0,8736192.207584912,-49411608.91210965,50177964.78107837,-1.395800370151539,-79.97347025248126,1.9929066560648756e-08,1.395800370151539,79.97347025248126
flute_probe,all_closed,920.0,1075911.5852125175,-16994832.40374706,17028855.339412734,-1.507572541114556,-86.37754391567684,5.872385313448124e-08,1.507572541114556,86.37754391567684
flute_probe,all_closed,925.0,409722.23164518375,-10040934.213453718,10049290.133437771,-1.5300137616135063,-87.66333113738915,9.950951626648967e-08,1.5300137616135063,87.66333113738915
flute_probe,all_closed,930.0,222753.9973409631,-7007431.101456716,7010970.687785983,-1.5390187739202636,-88.17928033702972,1.426336016127024e-07,1.5390187739202636,88.17928033702972
flute_probe,all_closed,935.0,145082.06290689998,-5298803.670481611,5300789.483019177,-1.543423011320164,-88.43162455201767,1.886511439859009e-07,1.543423011320164,88.43162455201767
flute_probe,all_closed,940.0,105550.81407034896,-4195866.998905132,4197194.40184179,-1.5456457303431645,-88.55897697107905,2.38254391924564e-07,1.5456457303431645,88.55897697107905
flute_probe,all_closed,945.0,82759.17060319218,-3420021.4068009974,3421022.5815238347,-1.5466026119527359,-88.61380224880118,2.923102599207537e-07,1.5466026119527359,88.61380224880118
flute_probe,all_closed,950.0,68466.36368095664,-2840697.2627281905,2841522.229620442,-1.546699035003632,-88.6193268826653,3.51924046053856e-07,1.546699035003632,88.6193268826653
flute_probe,all_closed,955.0,58949.26740348832,-2388559.674922839,2389286.99339257,-1.5461214970900254,-88.58623639770686,4.1853490299216476e-07,1.5461214970900254,88.58623639770686
flute_probe,all_closed,960.0,52325.05148474676,-2023366.723314213,2024043.1833407548,-1.5449416998189243,-88.5186389933917,4.940606051445328e-07,1.5449416998189243,88.5186389933917
flute_probe,all_closed,965.0,47558.006379937564,-1720147.005912372,1720804.3136626931,-1.5431557274058432,-88.41631031179536,5.81123601364947e-07,1.5431557274058432,88.41631031179536
flute_probe,all_closed,970.0,44040.01292853795,-1462572.3786682745,1463235.2803230654,-1.540694083272758,-88.27526849230644,6.834170918700178e-07,1.540694083272758,88.27526849230644
flute_probe,all_closed,975.0,41394.94747761853,-1239505.0776877585,1240196.1051746658,-1.5374123826496453,-88.08724089697662,8.063240932845557e-07,1.5374123826496453,88.08724089697662
flute_probe,all_closed,980.0,39380.11612308106,-1043076.3228775632,1043819.4330887146,-1.533060428584358,-87.83789229640087,9.580201022325758e-07,1.533060428584358,87.83789229640087
flute_probe,all_closed,985.0,37833.356033550175,-867558.2825529964,868382.8282820119,-1.5272149317652264,-87.50296999950747,1.1515658387423165e-06,1.5272149317652264,87.50296999950747
flute_probe,all_closed,990.0,36643.12861764293,-708671.605920069,709618.3227004631,-1.5191355514132396,-87.04005560425772,1.4092082574678804e-06,1.5191355514132396,87.04005560425772
flute_probe,all_closed,995.0,35730.856388584965,-563143.9301066169,564276.3331154231,-1.5074323766621156,-86.36951308411423,1.7721813609989725e-06,1.5074323766621156,86.36951308411423
flute_probe,all_closed,1000.0,35040.097573807645,-428419.01966872124,429849.583984782,-1.489188660935461,-85.32422517034048,2.326395179285327e-06,1.489188660935461,85.32422517034048
flute_probe,all_closed,1005.0,34529.699341450716,-302459.51153795014,304424.1387544463,-1.4571254073769568,-83.48713606398037,3.2848906269112154e-06,1.4571254073769568,83.48713606398037
flute_probe,all_closed,1010.0,34169.35097876437,-183609.5817417552,186761.94219832978,-1.3868032363180975,-79.45797245611071,5.3544099414968664e-06,1.3868032363180975,79.45797245611071
flute_probe,all_closed,1015.0,33936.63243527983,-70496.9508793393,78240.11186297772,-1.1221460383691477,-64.29423199587751,1.2781167820303029e-05,1.1221460383691477,64.29423199587751
flute_probe,all_closed,1020.0,33815.02314156036,38038.74007530099,50895.98743103991,0.8441127249660367,48.36409657384114,1.96479143145601e-05,-0.8441127249660368,-48.364096573841145
flute_probe,all_closed,1025.0,33792.546044691895,142999.590506072,146938.14703162314,1.3387412158932557,76.70422153089572,6.8055846640340846e-06,-1.3387412158932557,-76.70422153089572
flute_probe,all_closed,1030.0,33860.8452900494,245270.74134337436,247597.03835644946,1.433608531048472,82.1397183030271,4.038820523209831e-06,-1.433608531048472,-82.1397183030271
flute_probe,all_closed,1035.0,34014.57106255275,345653.1638048485,347322.76155309903,1.472705492868249,84.37980920708443,2.879166327966441e-06,-1.472705492868249,-84.37980920708443
flute_probe,all_closed,1040.0,34250.99248413955,444890.66845960775,446207.16866561567,1.4939604539625746,85.59762877150405,2.241111461724167e-06,-1.4939604539625746,-85.59762877150405
flute_probe,all_closed,1045.0,34569.79082841058,543693.1618965648,544791.0835641532,1.507298531895731,86.36184434389048,1.8355660181840004e-06,-1.507298531895731,-86.36184434389048
flute_probe,all_closed,1050.0,34973.007562800536,642757.7450075155,643708.4977108303,1.5164390576931226,86.88555789461148,1.5534982116225294e-06,-1.5164390576931226,-86.88555789461148
flute_probe,all_closed,1055.0,35465.13923809474,742789.0072364773,743635.1829845929,1.5230866460321484,87.26643665037804,1.344745411300313e-06,-1.5230866460321484,-87.26643665037804
flute_probe,all_closed,1060.0,36053.387130885436,844519.7836199836,845289.0107230505,1.528131241776083,87.55547069585515,1.183027328303501e-06,-1.528131241776083,-87.55547069585515
flute_probe,all_closed,1065.0,36748.08647671704,948733.6912772356,949445.1215442783,1.5320818534840737,87.78182407321798,1.0532467620387517e-06,-1.5320818534840737,-87.78182407321798
flute_probe,all_closed,1070.0,37563.36098367313,1056290.957539068,1056958.6524870265,1.5352497397509945,87.96333058629,9.46110803527647e-07,-1.5352497397509945,-87.96333058629
flute_probe,all_closed,1075.0,38518.07686939469,1168159.4265861148,1168794.2882165865,1.537834964122358,88.11145303186349,8.555825521066306e-07,-1.537834964122358,-88.11145303186349
flute_probe,all_closed,1080.0,39637.21260553261,1285453.2521779533,1286064.2177426496,1.5399708905394776,88.23383260091494,7.77566148100473e-07,-1.5399708905394776,-88.23383260091494
flute_probe,all_closed,1085.0,40953.825128316494,1409482.7685260589,1410077.6186311606,1.541748574788032,88.33568640566399,7.091808186919207e-07,-1.541748574788032,-88.33568640566399
flute_probe,all_closed,1090.0,42511.896267411044,1541820.5810620026,1542406.550008986,1.5432307795736184,88.4206104842522,6.483374957103068e-07,-1.5432307795736184,-88.4206104842522
flute_probe,all_closed,1095.0,44370.5125231773,1684391.3801896144,1684975.6864829368,1.5444602541488122,88.49105418842943,5.934803736469979e-07,-1.5444602541488122,-88.49105418842943
flute_probe,all_closed,1100.0,46610.11834063378,1839596.9612346285,1840187.3499498381,1.5454646106329568,88.54859957609752,5.434229292073219e-07,-1.5454646106329568,-88.54859957609752
flute_probe,all_closed,1105.0,49342.08496877202,2010494.5259506975,2011099.9180117296,1.5462589896910148,88.59411414345782,4.972403365162723e-07,-1.5462589896910148,-88.59411414345782
flute_probe,all_closed,1110.0,52723.74564757574,2201057.578784835,2201688.9558884725,1.5468470827667178,88.62780939465647,4.5419676440919377e-07,-1.5468470827667178,-88.62780939465647
flute_probe,all_closed,1115.0,56982.75774967175,2416568.5433046035,2417240.277500375,1.5472206660560417,88.64921414043134,4.136949103934682e-07,-1.5472206660560417,-88.64921414043134
flute_probe,all_closed,1120.0,62458.015205012176,2664228.5362601145,2664960.543251262,1.5473574302553934,88.65705015184268,3.752400772057946e-07,-1.5473574302553934,-88.65705015184268
flute_probe,all_closed,1125.0,69671.29287070413,2954139.3560151043,2954960.8159513064,1.5472164034103422,88.6489699088232,3.3841396292020357e-07,-1.5472164034103422,-88.6489699088232
flute_probe,all_closed,1130.0,79459.08576690649,3300953.442531894,3301909.6559527605,1.5467294184816036,88.62106772772,3.0285504577545805e-07,-1.5467294184816036,-88.62106772772
flute_probe,all_closed,1135.0,93230.12221740966,3726790.257836178,3727956.207037754,1.5457853455083401,88.56697633079963,2.682434944144913e-07,-1.5457853455083401,-88.56697633079963
flute_probe,all_closed,1140.0,113506.49270165079,4266719.7150663575,4268229.240659569,1.5441998463094682,88.4761339182829,2.342891966705776e-07,-1.5441998463094682,-88.4761339182829
flute_probe,all_closed,1145.0,145170.24629569598,4979900.961773415,4982016.458170461,1.541653348501186,88.33023034132901,2.007219382746136e-07,-1.541653348501186,-88.33023034132901
flute_probe,all_closed,1150.0,198699.89456852686,5974586.962308412,5977890.181183258,1.5375510687944527,88.09518702775104,1.6728309983808716e-07,-1.5375510687944527,-88.09518702775104
flute_probe,all_closed,1155.0,300060.54016378394,7472365.375029495,7478387.568567376,1.5306618582903526,87.7004643416889,1.3371866472969766e-07,-1.5306618582903526,-87.7004643416889
flute_probe,all_closed,1160.0,529062.3405104013,10008622.529283393,10022596.065582281,1.5179848248914731,86.97412383118672,9.977454877524318e-08,-1.5179848248914731,-86.97412383118672
flute_probe,all_closed,1165.0,1239932.120092443,15286728.173044791,15336932.219286826,1.489861834084761,85.3627951506769,6.520208772537046e-08,-1.489861834084761,-85.3627951506769
flute_probe,all_closed,1170.0,6042956.757581855,32936123.942056425,33485901.312350944,1.3893394542772908,79.60328704109777,2.9863314434100655e-08,-1.3893394542772908,-79.60328704109777
flute_probe,all_closed,1175.0,63577458.55991511,-85086813.45415369,106216096.05290373,-0.9290851663535787,-53.232658840270055,9.414768920728581e-09,0.9290851663535787,53.232658840270055
flute_probe,all_closed,1180.0,2786073.1357855643,-21312536.760612473,21493869.514129,-1.4408088175874514,-82.55226433299546,4.652489396302745e-08,1.4408088175874514,82.55226433299546
flute_probe,all_closed,1185.0,870689.570311179,-11449611.92341395,11482670.139154548,-1.4948970729610875,-85.65129308713061,8.708775815044257e-08,1.4948970729610875,85.65129308713061
flute_probe,all_closed,1190.0,434854.3965438129,-7657058.635634479,7669396.670908216,-1.5140659535950916,-86.7495890454491,1.3038835294479285e-07,1.5140659535950916,86.7495890454491
flute_probe,all_closed,1195.0,269804.88584305625,-5643425.541816773,5649871.372204391,-1.523023993587623,-87.26284692973056,1.7699517991147356e-07,1.523023993587623,87.26284692973056
flute_probe,all_closed,1200.0,190099.477641102,-4387922.7167321285,4392038.658688387,-1.5275000587579624,-87.5193065728165,2.2768469900003892e-07,1.5275000587579624,87.5193065728165
flute_probe,all_closed,1205.0,145663.35136673492,-3524866.135971254,3527874.5851359726,-1.529495320330023,-87.63362663992022,2.8345678846218334e-07,1.529495320330023,87.63362663992022
flute_probe,all_closed,1210.0,118428.08761277734,-2890989.031442709,2893413.691793428,-1.5298546599753589,-87.65421528500968,3.4561252089056405e-07,1.5298546599753589,87.65421528500968
flute_probe,all_closed,1215.0,100582.18989089472,-2402436.107997705,2404540.7108082846,-1.5289540136377724,-87.60261205103207,4.1587983746960595e-07,1.5289540136377724,87.60261205103207
flute_probe,all_closed,1220.0,88299.77487301432,-2011713.0003850951,2013649.9313835625,-1.5269316528702899,-87.48673931440248,4.966106493559721e-07,1.5269316528702899,87.48673931440248
flute_probe,all_closed,1225.0,79527.0640214691,-1689895.7486272466,1691765.9989313881,-1.5237706844738685,-87.3056291661133,5.910982964734218e-07,1.5237706844738685,87.3056291661133
flute_probe,all_closed,1230.0,73081.1896442381,-1418351.6769428947,1420233.1990791294,-1.519316415320885,-87.05041834283203,7.041097199026143e-07,1.519316415320885,87.05041834283203
flute_probe,all_closed,1235.0,68241.85929477592,-1184525.04076084,1186489.1586312442,-1.5132487801702232,-86.70276845707389,8.428227032041477e-07,1.5132487801702232,86.70276845707389
flute_probe,all_closed,1240.0,64550.22966284552,-979635.3352041945,981759.7069192445,-1.504999341697312,-86.23011044922323,1.0185791828206044e-06,1.504999341697312,86.23011044922323
flute_probe,all_closed,1245.0,61702.96732090298,-797346.6346206632,799730.5245625566,-1.4935648743794827,-85.57496373093134,1.2504211972488967e-06,1.4935648743794827,85.57496373093134
flute_probe,all_closed,1250.0,59493.28389261014,-632961.2342742981,635751.0321834873,-1.4770796726742654,-84.63043124880052,1.5729427863695312e-06,1.4770796726742654,84.63043124880052
flute_probe,all_closed,1255.0,57776.56887028474,-482911.19693149714,486355.17477686406,-1.4517201143312128,-83.17743558542783,2.056110537857014e-06,1.4517201143312128,83.17743558542783
flute_probe,all_closed,1260.0,56449.563098789884,-344426.58259814937,349021.81016991485,-1.4083462672096394,-80.69229720411602,2.865150460119293e-06,1.4083462672096394,80.69229720411602
flute_probe,all_closed,1265.0,55437.312915207665,-215312.35523456294,222334.67111522052,-1.318795863966591,-75.56143704459471,4.497724061587182e-06,1.318795863966591,75.56143704459471
flute_probe,all_closed,1270.0,54684.76580594033,-93794.2487528798,108571.5649254796,-1.042948985750293,-59.75657513094162,9.210514748372387e-06,1.042948985750293,59.75657513094162
flute_probe,all_closed,1275.0,54151.22904455431,21590.436938813018,58296.677214440315,0.3793906334173482,21.737482081609024,1.7153636326845338e-05,-0.3793906334173482,-21.737482081609024
flute_probe,all_closed,1280.0,53806.64943498953,132072.11423930203,142612.05728499644,1.183923909323825,67.83384326888435,7.012029831401959e-06,-1.183923909323825,-67.83384326888435
flute_probe,all_closed,1285.0,53629.08636193658,238707.9069844335,244658.01389062448,1.3498016646574684,77.33793856460579,4.087338011527612e-06,-1.3498016646574684,-77.33793856460579
flute_probe,all_closed,1290.0,53602.99126638852,342426.7499621475,346596.82595537946,1.4155179116736285,81.10320216407095,2.8851966466904088e-06,-1.4155179116736285,-81.10320216407095
flute_probe,all_closed,1295.0,53718.05161521023,444064.9336956812,447302.24055719207,1.450412353406985,83.10250640385745,2.235624840050717e-06,-1.450412353406985,-83.10250640385745
flute_probe,all_closed,1300.0,53968.44784750887,544395.1547087673,547063.6871822622,1.4719844847129944,84.33849848279382,1.827940737852037e-06,-1.4719844847129944,-84.33849848279382
flute_probe,all_closed,1305.0,54352.430753799745,644151.3195939179,646440.3369711952,1.4866173672679788,85.17690089530504,1.5469331704846244e-06,-1.4866173672679788,-85.17690089530504
flute_probe,all_closed,1310.0,54872.16773463384,744050.8507296707,746071.4598907027,1.4971817177887288,85.78219359344085,1.3403541802101596e-06,-1.4971817177887288,-85.78219359344085
flute_probe,all_closed,1315.0,55533.83774836488,844815.9595294504,846639.2458483882,1.5051559285992675,86.2390822178323,1.1811406155616303e-06,-1.5051559285992675,-86.2390822178323
flute_probe,all_closed,1320.0,56347.982259204444,947195.2399185294,948869.8106847978,1.5113770547442358,86.59552648975749,1.0538853578641116e-06,-1.5113770547442358,-86.59552648975749
flute_probe,all_closed,1325.0,57330.1478687135,1051986.9709972956,1053547.9737547378,1.5163531683085416,86.88063679537001,9.491736730659753e-07,-1.5163531683085416,-86.88063679537001
flute_probe,all_closed,1330.0,58501.890434594476,1160065.7098540708,1161539.8927129668,1.5204092046294893,87.11303055811209,8.609260915389967e-07,-1.5204092046294893,-87.11303055811209
flute_probe,all_closed,1335.0,59892.25658624947,1272414.1367291152,1273822.9145949183,1.5237612602649178,87.30508919871518,7.850384763395504e-07,-1.5237612602649178,-87.30508919871518
flute_probe,all_closed,1340.0,61539.925889361875,1390162.7543412233,1391524.216834204,1.5265570651615432,87.46527701963383,7.186364332739077e-07,-1.5265570651615432,-87.46527701963383
flute_probe,all_closed,1345.0,63496.30047538727,1514641.0642477802,1515971.4158517995,1.5288991774082217,87.59947016651441,6.596430444159243e-07,-1.5288991774082217,-87.59947016651441
flute_probe,all_closed,1350.0,65829.99433206962,1647445.4574783626,1648760.1776849935,1.530858743146722,87.71174501300891,6.065163469705395e-07,-1.530858743146722,-87.71174501300891
flute_probe,all_closed,1355.0,68633.44711577732,1790531.630234282,1791846.5528421875,1.5324837600657377,87.80485162410586,5.5808350241477e-07,-1.5324837600657377,-87.80485162410586
flute_probe,all_closed,1360.0,72032.85094300448,1946343.5120196878,1947675.9993377002,1.533803889465371,87.88048946711598,5.134324191190147e-07,-1.533803889465371,-87.88048946711598
flute_probe,all_closed,1365.0,76203.39262238955,2117997.6372901313,2119368.0540703023,1.5348328604696972,87.93944516290522,4.7183876254031165e-07,-1.5348328604696972,-87.93944516290522
flute_probe,all_closed,1370.0,81393.29423664643,2309553.777945738,2310987.564131431,1.535568906105553,87.98161747136878,4.327154397197474e-07,-1.535568906105553,-87.98161747136878
flute_probe,all_closed,1375.0,87962.93582318783,2526423.70632344,2527954.5529838353,1.535993210636106,88.00592833019775,3.955767317176111e-07,-1.5359932106361058,-88.00592833019773
flute_probe,all_closed,1380.0,96450.88632185903,2776008.7455931767,2777683.8065341553,1.5360658514390544,88.01009034162713,3.600121790851876e-07,-1.5360658514390544,-88.01009034162713
flute_probe,all_closed,1385.0,107690.22084223475,3068731.5756438132,3070620.567087117,1.5357179747276557,87.99015847427309,3.256670689692637e-07,-1.5357179747276557,-87.99015847427309
flute_probe,all_closed,1390.0,123024.08864379198,3419780.0071378136,3421992.142540094,1.5348375636304046,87.93971463416412,2.9222743897293554e-07,-1.5348375636304046,-87.93971463416412
flute_probe,all_closed,1395.0,144730.4191886342,3852210.6356296665,3854928.491619116,1.5332432457477494,87.84836694828574,2.594081841398796e-07,-1.5332432457477494,-87.84836694828574
flute_probe,all_closed,1400.0,176924.02190749045,4402833.7246429175,4406387.05930164,1.5306338098912657,87.69885728679913,2.269432953895994e-07,-1.5306338098912657,-87.69885728679913
flute_probe,all_closed,1405.0,227663.4706739072,5134292.991972272,5139338.0102202725,1.5264836167579487,87.46106873609588,1.9457758917809334e-07,-1.5264836167579487,-87.46106873609588
flute_probe,all_closed,1410.0,314521.507468323,6162546.099023659,6170567.089113599,1.519802981486134,87.07829653055467,1.6205965927576522e-07,-1.519802981486134,-87.07829653055467
flute_probe,all_closed,1415.0,482044.0594132699,7728719.009830953,7743737.082839136,1.5085065151831212,86.43105668798029,1.2913661573248607e-07,-1.5085065151831212,-86.43105668798029
flute_probe,all_closed,1420.0,872105.0079569503,10428830.35670893,10465231.471588068,1.4873660114602054,85.2197950478766,9.555450375989181e-08,-1.4873660114602054,-85.2197950478766
flute_probe,all_closed,1425.0,2156299.377389395,16226836.53439328,16369479.25008155,1.4386855523699102,82.43061019724342,6.108929824356008e-08,-1.4386855523699102,-82.43061019724342
flute_probe,all_closed,1430.0,12368042.50644934,36537211.75447556,38573777.59868386,1.2443981811484819,71.2987638135641,2.592434711486801e-08,-1.2443981811484819,-71.2987638135641
flute_probe,all_closed,1435.0,35072131.96940075,-52544724.00833408,63174381.37402741,-0.9822363927087605,-56.277999786366486,1.5829201303601927e-08,0.9822363927087605,56.277999786366486
flute_probe,all_closed,1440.0,3274580.94203826,-18260151.206698246,18551442.05816474,-1.3933530728637475,-79.83325044667701,5.3904165340067814e-08,1.3933530728637478,79.83325044667701
flute_probe,all_closed,1445.0,1138993.059926244,-10327995.187590297,10390610.655079348,-1.4609580752587024,-83.70673175787974,9.624073437023258e-08,1.4609580752587024,83.70673175787974
flute_probe,all_closed,1450.0,592462.3059192055,-7010220.607012913,7035211.762479051,-1.486482611993045,-85.1691799867842,1.4214213214352804e-07,1.4864826119930452,85.16917998678421
flute_probe,all_closed,1455.0,375427.3303338111,-5186150.334941799,5199721.240314572,-1.4985320135235944,-85.85955984014316,1.9231800202033567e-07,1.4985320135235944,85.85955984014316
flute_probe,all_closed,1460.0,267882.04277411173,-4026552.5337844915,4035453.641930129,-1.5043653381879325,-86.1937847239393,2.478036148425948e-07,1.5043653381879325,86.1937847239393
flute_probe,all_closed,1465.0,206945.80651335878,-3219336.084064229,3225980.686394677,-1.5066025119619908,-86.3219653392302,3.099832569418108e-07,1.5066025119619908,86.3219653392302
flute_probe,all_closed,1470.0,169176.36893663,-2621129.6018841364,2626583.528784089,-1.506342423488344,-86.30706336739024,3.807227103350204e-07,1.506342423488344,86.30706336739024
flute_probe,all_closed,1475.0,144220.18444026337,-2156901.842953061,2161718.071750869,-1.5040311978754621,-86.17463989426957,4.6259501322948027e-07,1.504031197875462,86.17463989426956
flute_probe,all_closed,1480.0,126929.30838740012,-1783585.0861253154,1788095.861182043,-1.4997508350334678,-85.92939316863867,5.592541326833213e-07,1.4997508350334678,85.92939316863867
flute_probe,all_closed,1485.0,114509.15784139902,-1474686.5928472064,1479125.7195900723,-1.4933020013791023,-85.5599022174616,6.760750534965629e-07,1.4933020013791023,85.5599022174616
flute_probe,all_closed,1490.0,105336.27167399529,-1213005.0387940535,1217570.1024047611,-1.4841745250711156,-85.03693634740831,8.213079460681158e-07,1.4841745250711156,85.03693634740831
flute_probe,all_closed,1495.0,98415.30086126448,-986874.9292767921,991769.9821423749,-1.4714007630614163,-84.305053695748,1.008298313122814e-06,1.4714007630614163,84.305053695748
flute_probe,all_closed,1500.0,93108.67958671389,-788094.5658722058,793575.6239777541,-1.453197409489003,-83.26207836306432,1.2601193506770723e-06,1.453197409489003,83.26207836306432
flute_probe,all_closed,1505.0,88993.00581456946,-610718.2667852767,617168.1751914339,-1.426096182509701,-81.70929243752423,1.6203038980255566e-06,1.426096182509701,81.70929243752423
flute_probe,all_closed,1510.0,85778.53745954436,-450319.4549555353,458416.37078113697,-1.3825675288246921,-79.21528429348665,2.181422967718212e-06,1.3825675288246921,79.21528429348665
flute_probe,all_closed,1515.0,83261.99379005877,-303523.288336105,314736.31212851516,-1.3030639932901193,-74.66006725098727,3.1772628751895445e-06,1.3030639932901193,74.66006725098727
flute_probe,all_closed,1520.0,81297.80990913852,-167700.1515937195,186367.04306442948,-1.119398056840953,-64.13678425213203,5.365755573287102e-06,1.119398056840953,64.13678425213203
flute_probe,all_closed,1525.0,79780.05321555903,-40758.61456803485,89588.62401322534,-0.4723194513824155,-27.061911146146883,1.1162131476116624e-05,0.47231945138241554,27.061911146146887
flute_probe,all_closed,1530.0,78630.73047538471,78998.21461245157,111460.7988803577,0.7877294831375934,45.13357478180585,8.97176415426021e-06,-0.7877294831375934,-45.13357478180585
flute_probe,all_closed,1535.0,77792.05304226023,192974.8815789683,208064.6736881268,1.1876031078482203,68.04464581632296,4.806197910842494e-06,-1.1876031078482203,-68.04464581632296
flute_probe,all_closed,1540.0,77221.22891706978,302358.0892543256,312063.34666696953,1.3207449925913264,75.67311388852018,3.2044775866202206e-06,-1.3207449925913264,-75.67311388852018
flute_probe,all_closed,1545.0,76886.91582945715,408172.40465559636,415350.82731119957,1.3846092869887991,79.33226841907636,2.4076032458477684e-06,-1.3846092869887991,-79.33226841907636
flute_probe,all_closed,1550.0,76766.79996492446,511323.0777780246,517053.6059687105,1.421775672761895,81.46174546362982,1.934035443242833e-06,-1.421775672761895,-81.46174546362982
flute_probe,all_closed,1555.0,76845.96456111391,612630.0190112429,617430.840226696,1.4460118934670614,82.85037862138343,1.6196145946205729e-06,-1.4460118934670614,-82.85037862138343
flute_probe,all_closed,1560.0,77115.83755930593,712855.8050519535,717014.819371777,1.4630366478171777,83.82582519289208,1.3946713135945565e-06,-1.4630366478171777,-83.82582519289208
flute_probe,all_closed,1565.0,77573.58930228489,812729.8420824127,816423.5775432646,1.4756364220736722,84.5477390806068,1.2248543862600627e-06,-1.4756364220736722,-84.5477390806068
flute_probe,all_closed,1570.0,78221.90834886221,912970.3632942634,916315.2029729709,1.4853265828660158,85.10294439681124,1.0913275221839763e-06,-1.4853265828660158,-85.10294439681124
flute_probe,all_closed,1575.0,79069.12733477313,1014305.6923520982,1017382.8996181093,1.4929997152802534,85.54258249979209,9.829141028174995e-07,-1.4929997152802534,-85.54258249979209
flute_probe,all_closed,1580.0,80129.70944942799,1117496.121839402,1120365.2764444966,1.49921415360727,85.89864358797448,8.925660416516313e-07,-1.49921415360727,-85.89864358797448
flute_probe,all_closed,1585.0,81425.14614745548,1223357.821806372,1226064.6045783907,1.5043356202612153,86.19208201216253,8.156177058417507e-07,-1.5043356202612153,-86.19208201216253
flute_probe,all_closed,1590.0,82985.36507832666,1332790.4193394799,1335371.436230493,1.5086122264565278,86.43711349779343,7.488553168568704e-07,-1.5086122264565278,-86.43711349779343
flute_probe,all_closed,1595.0,84850.81279899747,1446810.3147912547,1449296.2938678274,1.5122166137586626,86.6436296779363,6.899900346334549e-07,-1.5122166137586626,-86.6436296779363
flute_probe,all_closed,1600.0,87075.47292046275,1566592.5011212707,1569010.580765382,1.5152707403615029,86.81861824237768,6.373443316820645e-07,-1.5152707403615029,-86.81861824237768
flute_probe,all_closed,1605.0,89731.22854246086,1693524.7653591144,1695900.2990330483,1.5178609336516486,86.96702538602614,5.896573050728101e-07,-1.5178609336516486,-86.96702538602614
flute_probe,all_closed,1610.0,92914.2152140228,1829279.9083398404,1831638.0740868684,1.5200471577288,87.09228679871678,5.459593869266627e-07,-1.5200471577288,-87.09228679871678
flute_probe,all_closed,1615.0,96754.20330994717,1975914.4229812613,1978281.876478555,1.5218686088049391,87.19664825796913,5.054891377663794e-07,-1.5218686088049391,-87.19664825796913
flute_probe,all_closed,1620.0,101428.71871243198,2136006.6322957273,2138413.4581953464,1.5233467614196827,87.28134016427016,4.6763641342021943e-07,-1.5233467614196827,-87.28134016427016
flute_probe,all_closed,1625.0,107184.79181832982,2312854.8937553633,2315337.197724183,1.524486392713765,87.34663622762211,4.319025328072867e-07,-1.524486392713765,-87.34663622762211
flute_probe,all_closed,1630.0,114373.38277574134,2510769.5423440384,2513373.2244635015,1.5252746778972879,87.39180164169066,3.978716691443458e-07,-1.5252746778972879,-87.39180164169066
flute_probe,all_closed,1635.0,123505.63442823589,2735515.4821468587,2738302.137237723,1.5256780232633462,87.41491162885197,3.651897964074758e-07,-1.5256780232633462,-87.41491162885197
flute_probe,all_closed,1640.0,135348.27314405606,2995005.353350387,2998062.077682941,1.5256357239558667,87.41248805705706,3.3354879721931985e-07,-1.5256357239558667,-87.41248805705706
flute_probe,all_closed,1645.0,151092.62161309613,3300426.6234463532,3303883.3025788628,1.5250485435801546,87.37884509971586,3.026741287198143e-07,-1.5250485435801546,-87.37884509971586
flute_probe,all_closed,1650.0,172669.9708010906,3668156.7872677757,3672218.5576018076,1.5237583690636975,87.30492354508753,2.7231494648648133e-07,-1.5237583690636975,-87.30492354508753
flute_probe,all_closed,1655.0,203378.10790558535,4123194.0949506545,4128206.898813479,1.5215108931190666,87.176152658903,2.4223592094849167e-07,-1.5215108931190666,-87.176152658903
flute_probe,all_closed,1660.0,249225.94940961036,4705713.002751249,4712308.185817359,1.5178833435946963,86.9683093811819,2.1221022916321587e-07,-1.5178833435946963,-86.9683093811819
flute_probe,all_closed,1665.0,322115.8233739626,5484648.2734941365,5494099.133398496,1.5121332699052326,86.63885442688641,1.8201346130087538e-07,-1.5121332699052326,-86.63885442688641
flute_probe,all_closed,1670.0,448405.9869786454,6588965.51253677,6604205.815581252,1.502847016612258,86.1067913057095,1.5141866076322266e-07,-1.502847016612258,-86.1067913057095
flute_probe,all_closed,1675.0,696411.9251322392,8290669.525682189,8319867.23172562,1.4869935793845432,85.19845626178586,1.201942257187427e-07,-1.4869935793845432,-85.19845626178586
flute_probe,all_closed,1680.0,1291388.7531500913,11275330.758714259,11349042.63055569,1.456760990974839,83.46625654215367,8.81131591935025e-08,-1.456760990974839,-83.46625654215367
flute_probe,all_closed,1685.0,3368438.125425495,17857690.015227452,18172602.127509814,1.3843601111579802,79.31799169561377,5.5027892702619216e-08,-1.3843601111579802,-79.31799169561377
flute_probe,all_closed,1690.0,22355783.955308486,40080926.75715658,45894027.56316969,1.0620101847270143,60.848701384766834,2.1789327568245674e-08,-1.0620101847270143,-60.848701384766834
flute_probe,all_closed,1695.0,25039113.458043978,-39827963.673875205,47044913.57386388,-1.0095538487390434,-57.843174723935896,2.1256283071493547e-08,1.0095538487390434,57.843174723935896
flute_probe,all_closed,1700.0,3575629.573855527,-16628457.431927612,17008548.53933336,-1.358990781272159,-77.86443616408111,5.879396455773026e-08,1.358990781272159,77.86443616408111
flute_probe,all_closed,1705.0,1357628.3721447256,-9811187.887942737,9904673.77400016,-1.4332939770475681,-82.12169568634634,1.0096243680685445e-07,1.4332939770475681,82.12169568634634
flute_probe,all_closed,1710.0,732656.8948207513,-6755285.753962366,6794900.421876342,-1.4627617731137,-83.8100760324879,1.471691912924105e-07,1.4627617731137,83.8100760324879
flute_probe,all_closed,1715.0,473952.94189912605,-5023496.440858737,5045804.978638713,-1.4767275582771915,-84.61025657994239,1.9818443325365813e-07,1.4767275582771915,84.61025657994239
flute_probe,all_closed,1720.0,342769.58988595614,-3903871.5467772176,3918890.665161167,-1.48321844344256,-84.98215690522208,2.551742534921868e-07,1.48321844344256,84.98215690522208
flute_probe,all_closed,1725.0,267344.14968545537,-3116199.8385572988,3127646.7716472675,-1.4852141622864998,-85.09650317207456,3.1972919994201284e-07,1.4852141622864998,85.09650317207456
flute_probe,all_closed,1730.0,220118.08611962505,-2528313.2679292094,2537877.0562467845,-1.483954057498119,-85.02430448595611,3.940301195988114e-07,1.483954057498119,85.02430448595611
flute_probe,all_closed,1735.0,188678.57291652446,-2069822.8477850463,2078404.7308190037,-1.4798906966591563,-84.79149105924482,4.811382427935227e-07,1.4798906966591563,84.79149105924482
flute_probe,all_closed,1740.0,166766.97242739305,-1699818.418407084,1707979.4725489412,-1.473000598744308,-84.39671752829211,5.854871303035203e-07,1.473000598744308,84.39671752829211
flute_probe,all_closed,1745.0,150950.1342978483,-1392898.4778128099,1401053.9292039338,-1.462846371844713,-83.8149231827271,7.137483997979943e-07,1.462846371844713,83.8149231827271
flute_probe,all_closed,1750.0,139217.45750085486,-1132450.7213790517,1140975.9580398425,-1.4484754006395035,-82.99152718516457,8.764426567917919e-07,1.4484754006395035,82.99152718516457
flute_probe,all_closed,1755.0,130328.2702823785,-907144.6428196183,916458.8703434156,-1.4281040596774293,-81.82433532501575,1.0911564417782106e-06,1.4281040596774293,81.82433532501575
flute_probe,all_closed,1760.0,123483.66367727054,-708977.6824700276,719651.0053044688,-1.398354712930643,-80.11982331315365,1.3895624304407408e-06,1.398354712930643,80.11982331315365
flute_probe,all_closed,1765.0,118150.7271530985,-532127.4357949898,545086.4172335952,-1.3523061365533342,-77.48143423414803,1.834571488820374e-06,1.3523061365533342,77.48143423414803
flute_probe,all_closed,1770.0,113963.36536237106,-372246.8497864932,389301.1248643976,-1.273706943156439,-72.9780321793734,2.5687056525930216e-06,1.273706943156439,72.9780321793734
flute_probe,all_closed,1775.0,110663.81932190218,-226014.8396237059,251652.9130311034,-1.1154784614018467,-63.912207976072516,3.973727098785474e-06,1.1154784614018467,63.912207976072516
flute_probe,all_closed,1780.0,108066.87738148242,-90840.27779302049,141175.09007079643,-0.6990074943399202,-40.05017927369221,7.083402599555773e-06,0.6990074943399202,40.05017927369221
flute_probe,all_closed,1785.0,106037.26316976077,35338.67207224615,111770.85006549272,0.3216904414379501,18.43150460409491,8.946876573042478e-06,-0.3216904414379501,-18.43150460409491
flute_probe,all_closed,1790.0,104474.95536833117,154194.16062853453,186254.8132831823,0.975293786581158,55.88021775643319,5.368988765297557e-06,-0.9752937865811581,-55.8802177564332
flute_probe,all_closed,1795.0,103305.4371853816,267108.1473993855,286389.2032867068,1.2017598551158042,68.85576768638887,3.491751743863371e-06,-1.2017598551158042,-68.85576768638887
flute_probe,all_closed,1800.0,102473.10078236787,375244.9794720482,388985.25807918626,1.3042130189410812,74.72590157133965,2.5707915126090164e-06,-1.3042130189410812,-74.72590157133965
flute_probe,all_closed,1805.0,101936.72810871442,479605.60040308395,490318.9048726478,1.3613699616315973,78.00075315737735,2.039488973527818e-06,-1.3613699616315973,-78.00075315737735
flute_probe,all_closed,1810.0,101666.37770759237,581069.0755914715,589896.0272496418,1.3975852435455942,80.07573596492583,1.6952139933242914e-06,-1.3975852435455942,-80.07573596492583
flute_probe,all_closed,1815.0,101641.25394808046,680425.3239998766,687974.974867891,1.422513770163173,81.50403532959263,1.4535412428221332e-06,-1.422513770163173,-81.50403532959263
flute_probe,all_closed,1820.0,101848.28948408207,778401.8015290785,785036.584303272,1.4406925957849352,82.54560531422389,1.273825984667339e-06,-1.4406925957849352,-82.54560531422389
flute_probe,all_closed,1825.0,102281.27204336309,875686.1495312465,881639.2068707409,1.4545218862466631,83.33796529134142,1.1342508275571873e-06,-1.4545218862466631,-83.33796529134142
flute_probe,all_closed,1830.0,102940.41536276242,972946.3621042101,978376.8970324651,1.4653857244365294,83.9604173689338,1.0221009950593891e-06,-1.4653857244365294,-83.9604173689338
flute_probe,all_closed,1835.0,103832.32500053488,1070849.7554003675,1075871.9023917504,1.4741359442733621,84.46176803539596,9.294786840114693e-07,-1.4741359442733621,-84.46176803539596
flute_probe,all_closed,1840.0,104970.35208416611,1170081.8951857232,1174781.0077874463,1.4813238754727645,84.87360615655213,8.51222477526578e-07,-1.4813238754727645,-84.87360615655213
flute_probe,all_closed,1845.0,106375.36886382586,1271366.634394751,1275809.0915780275,1.4873206636734413,85.21719681108476,7.838163300459918e-07,-1.4873206636734413,-85.21719681108476
flute_probe,all_closed,1850.0,108077.04588709104,1375488.529697083,1379727.9960832584,1.492383858600234,85.50729651124203,7.247805385110531e-07,-1.492383858600234,-85.50729651124203
flute_probe,all_closed,1855.0,110115.7694784746,1483319.1643400793,1487400.8289584848,1.4966961897698745,85.75437488712515,6.723137304557138e-07,-1.4966961897698745,-85.75437488712515
flute_probe,all_closed,1860.0,112545.4208399901,1595849.347499136,1599812.9927167953,1.5003890605281498,85.9659607958616,6.250730582590184e-07,-1.5003890605281498,-85.9659607958616
flute_probe,all_closed,1865.0,115437.36129683742,1714229.867079046,1718112.2843309806,1.5035571874997595,86.1474811002964,5.820341366044025e-07,-1.5035571874997595,-86.1474811002964
flute_probe,all_closed,1870.0,118886.1597768521,1839824.578319887,1843661.682081731,1.5062678362580502,86.30278983388882,5.423988629361064e-07,-1.5062678362580502,-86.30278983388882
flute_probe,all_closed,1875.0,123017.90644850544,1974281.343598114,1978110.267145527,1.5085665597859446,86.4344969903046,5.055329910617321e-07,-1.5085665597859446,-86.4344969903046
flute_probe,all_closed,1880.0,128002.46612218293,2119629.0928875203,2123490.5516033107,1.5104804892005554,86.54415706804775,4.7092274521540227e-07,-1.5104804892005554,-86.54415706804775
flute_probe,all_closed,1885.0,134071.89458230595,2278413.7409857013,2282355.0223462926,1.5120197032785183,86.63234753848214,4.381439303741562e-07,-1.5120197032785183,-86.63234753848214
flute_probe,all_closed,1890.0,141548.77282868233,2453893.1277304683,2457972.2409767215,1.5131768286472167,86.69864593847608,4.0683941963585045e-07,-1.5131768286472167,-86.69864593847608
flute_probe,all_closed,1895.0,150891.0096329838,2650323.881043326,2654615.7483177525,1.5139246758372327,86.74149442618472,3.76702353488902e-07,-1.5139246758372327,-86.74149442618472
flute_probe,all_closed,1900.0,162764.97109865662,2873395.6887856824,2878001.9492955343,1.5142112844436488,86.75791588970448,3.4746328099075e-07,-1.5142112844436488,-86.75791588970448
flute_probe,all_closed,1905.0,178169.34377911332,3130910.1452879617,3135975.5504355845,1.5139510699775072,86.74300669902632,3.1888003714222227e-07,-1.5139510699775072,-86.74300669902632
flute_probe,all_closed,1910.0,198654.22594416532,3433881.859168456,3439623.2532374365,1.5130095240287738,86.68906008994625,2.9072951494288843e-07,-1.5130095240287738,-86.68906008994625
flute_probe,all_closed,1915.0,226729.12841222706,3798403.620108628,3805164.4062937545,1.5111764315073375,86.58403162501097,2.6280073427208473e-07,-1.5111764315073375,-86.58403162501097
flute_probe,all_closed,1920.0,266671.4156939247,4248973.780456634,4257333.88765271,1.5081171680126821,86.40874873834876,2.3488878870887714e-07,-1.5081171680126821,-86.40874873834876
flute_probe,all_closed,1925.0,326255.3080274082,4824819.119849476,4835837.266211626,1.5032788939163648,86.13153605250231,2.067894234132067e-07,-1.5032788939163648,-86.13153605250231
flute_probe,all_closed,1930.0,420823.9754231945,5592895.538013398,5608705.137321907,1.4956952451366083,85.69702498411273,1.782942721209781e-07,-1.4956952451366083,-85.69702498411273
flute_probe,all_closed,1935.0,584168.2678887107,6677471.009532182,6702974.835724122,1.483535028207937,85.00029587613632,1.491874913016841e-07,-1.483535028207937,-85.00029587613632
flute_probe,all_closed,1940.0,903072.9406344321,8337188.178373004,8385955.369408348,1.4628983542852694,83.81790155717978,1.1924699762271128e-07,-1.4628983542852694,-83.81790155717978
flute_probe,all_closed,1945.0,1658815.7024775457,11207471.510623943,11329566.946544489,1.4238533435521725,81.58078723113033,8.826462694631055e-08,-1.4238533435521725,-81.58078723113033
flute_probe,all_closed,1950.0,4210177.284740785,17297317.384196725,17802325.170004662,1.3320384510856382,76.32018139635042,5.617243761421184e-08,-1.3320384510856382,-76.32018139635042
flute_probe,all_closed,1955.0,23518193.2697088,33606567.68353778,41018371.568598166,0.9601982672965602,55.0153082118674,2.437931984519725e-08,-0.9601982672965602,-55.0153082118674
flute_probe,all_closed,1960.0,29294367.88863864,-32937712.096781664,44080073.36842102,-0.8438758855283809,-48.35052667364121,2.2685987648931646e-08,0.8438758855283809,48.35052667364121
flute_probe,all_closed,1965.0,4767739.625070139,-16220318.679762268,16906509.96526216,-1.2849118491105025,-73.62002600038225,5.9148813211875305e-08,1.2849118491105025,73.62002600038225
flute_probe,all_closed,1970.0,1823952.341697612,-9644982.790552448,9815930.683070103,-1.3838945471601092,-79.29131684344252,1.0187521003227301e-07,1.3838945471601092,79.29131684344252
flute_probe,all_closed,1975.0,985241.1516240725,-6615465.752992307,6688429.356423494,-1.4229530219569069,-81.52920260351712,1.4951193272896139e-07,1.4229530219569069,81.52920260351712
flute_probe,all_closed,1980.0,637434.1060037673,-4886613.708349104,4928013.369921211,-1.4410837872868165,-82.56801893626307,2.0292152738538294e-07,1.4410837872868165,82.56801893626307
flute_probe,all_closed,1985.0,460997.5527553764,-3766129.6224056734,3794239.1959927813,-1.4489960541221671,-83.02135843231,2.6355744810610053e-07,1.4489960541221671,83.02135843231
flute_probe,all_closed,1990.0,359530.4577332506,-2977036.2106946846,2998667.495709594,-1.4506104551259735,-83.11385679626977,3.33481455156589e-07,1.4506104551259735,83.11385679626977
flute_probe,all_closed,1995.0,295979.2489157263,-2387788.5206910684,2406062.7039486645,-1.4474700066821455,-82.93392235466001,4.1561676607964914e-07,1.4474700066821455,82.93392235466001
flute_probe,all_closed,2000.0,253652.5768162398,-1928091.3920139214,1944704.61656358,-1.4399911890514894,-82.50541766867538,5.142169106211438e-07,1.4399911890514894,82.50541766867538
