#case_id:flow_probe; note:all_closed
#f[Hz] abs(Y) angle(Y)[rad]
100 2.39235157e-7 -1.57059772e+0
105 1.97106274e-7 -1.57054149e+0
110 1.56551738e-7 -1.57045595e+0
115 1.17204680e-7 -1.57031230e+0
120 7.87369170e-8 -1.57002638e+0
125 4.08473534e-8 -1.56920411e+0
130 3.25282916e-9 -1.54925643e+0
135 3.43240574e-8 1.56858806e+0
140 7.21555665e-8 1.56965467e+0
145 1.10524854e-7 1.56998238e+0
150 1.49730302e-7 1.57013681e+0
155 1.90096075e-7 1.57022298e+0
160 2.31983440e-7 1.57027472e+0
165 2.75804734e-7 1.57030613e+0
170 3.22041143e-7 1.57032403e+0
175 3.71266059e-7 1.57033197e+0
180 4.24176561e-7 1.57033182e+0
185 4.81636893e-7 1.57032449e+0
190 5.44740005e-7 1.57031023e+0
195 6.14896879e-7 1.57028873e+0
200 6.93969782e-7 1.57025920e+0
205 7.84477190e-7 1.57022020e+0
210 8.89920108e-7 1.57016951e+0
215 1.01532313e-6 1.57010376e+0
220 1.16817576e-6 1.57001770e+0
225 1.36016838e-6 1.56990304e+0
230 1.61063399e-6 1.56974588e+0
235 1.95403444e-6 1.56952130e+0
240 2.45838781e-6 1.56917997e+0
245 3.27929977e-6 1.56860875e+0
250 4.86797738e-6 1.56747934e+0
255 9.30834600e-6 1.56427474e+0
260 9.75996305e-5 1.49996614e+0
265 1.15050214e-5 -1.56210523e+0
270 5.41440541e-6 -1.56650714e+0
275 3.52312678e-6 -1.56784985e+0
280 2.59653232e-6 -1.56848799e+0
285 2.04331154e-6 -1.56885167e+0
290 1.67338697e-6 -1.56907881e+0
295 1.40694328e-6 -1.56922696e+0
300 1.20459396e-6 -1.56932411e+0
305 1.04465438e-6 -1.56938521e+0
310 9.14196008e-7 -1.56941865e+0
315 8.05027132e-7 -1.56942907e+0
320 7.11700922e-7 -1.56941874e+0
325 6.30450190e-7 -1.56938821e+0
330 5.58582003e-7 -1.56933650e+0
335 4.94115997e-7 -1.56926104e+0
340 4.35559045e-7 -1.56915733e+0
345 3.81759746e-7 -1.56901814e+0
350 3.31811480e-7 -1.56883208e+0
355 2.84985981e-7 -1.56858080e+0
360 2.40686657e-7 -1.56823351e+0
365 1.98414958e-7 -1.56773481e+0
370 1.57745570e-7 -1.56697496e+0
375 1.18307639e-7 -1.56570259e+0
380 7.97702250e-8 -1.56318945e+0
385 4.18311595e-8 -1.55608618e+0
390 4.24382403e-9 -1.42219234e+0
395 3.34030091e-8 1.55145289e+0
400 7.12327633e-8 1.56140447e+0
405 1.09585550e-7 1.56443026e+0
410 1.48756988e-7 1.56587067e+0
415 1.89069102e-7 1.56669573e+0
420 2.30880346e-7 1.56721597e+0
425 2.74599183e-7 1.56756094e+0
430 3.20701503e-7 1.56779382e+0
435 3.69753465e-7 1.56794856e+0
440 4.22442234e-7 1.56804443e+0
445 4.79618351e-7 1.56809249e+0
450 5.42355561e-7 1.56809870e+0
455 6.12037458e-7 1.56806537e+0
460 6.90486393e-7 1.56799179e+0
465 7.80161133e-7 1.56787428e+0
470 8.84470520e-7 1.56770567e+0
475 1.00829146e-6 1.56747401e+0
480 1.15886574e-6 1.56716021e+0
485 1.34744411e-6 1.56673344e+0
490 1.59252168e-6 1.56614193e+0
495 1.92680726e-6 1.56529315e+0
500 2.41415258e-6 1.56400541e+0
505 3.19823862e-6 1.56186869e+0
510 4.68412536e-6 1.55772548e+0
515 8.62835390e-6 1.54655275e+0
520 5.17551038e-5 1.42281363e+0
525 1.28950858e-5 -1.53327227e+0
530 5.72477817e-6 -1.55366661e+0
535 3.66162506e-6 -1.55944764e+0
540 2.67695630e-6 -1.56213944e+0
545 2.09704690e-6 -1.56366748e+0
550 1.71257469e-6 -1.56462894e+0
555 1.43728936e-6 -1.56526888e+0
560 1.22914644e-6 -1.56570565e+0
565 1.06519697e-6 -1.56600257e+0
570 9.31846679e-7 -1.56619573e+0
575 8.20525361e-7 -1.56630611e+0
580 7.25557672e-7 -1.56634549e+0
585 6.43031667e-7 -1.56631926e+0
590 5.70159063e-7 -1.56622774e+0
595 5.04894638e-7 -1.56606646e+0
600 4.45699985e-7 -1.56582548e+0
605 3.91391424e-7 -1.56548773e+0
610 3.41038958e-7 -1.56502558e+0
615 2.93897233e-7 -1.56439435e+0
620 2.49357130e-7 -1.56351940e+0
625 2.06911008e-7 -1.56226851e+0
630 1.66127155e-7 -1.56038588e+0
635 1.26630630e-7 -1.55730747e+0
640 8.80888207e-8 -1.55150216e+0
645 5.02025374e-8 -1.53686107e+0
650 1.27541247e-8 -1.43557227e+0
655 2.48712927e-8 1.50045310e+0
660 6.24662978e-8 1.54213748e+0
665 1.00549084e-7 1.55243508e+0
670 1.39388367e-7 1.55703583e+0
675 1.79294756e-7 1.55959842e+0
680 2.20614599e-7 1.56119618e+0
685 2.63741286e-7 1.56225666e+0
690 3.09131277e-7 1.56298270e+0
695 3.57325320e-7 1.56348172e+0
700 4.08976944e-7 1.56381464e+0
705 4.64891556e-7 1.56401707e+0
710 5.26081371e-7 1.56410943e+0
715 5.93844477e-7 1.56410187e+0
720 6.69881735e-7 1.56399666e+0
725 7.56474705e-7 1.56378881e+0
730 8.56765623e-7 1.56346542e+0
735 9.75215223e-7 1.56300347e+0
740 1.11838609e-6 1.56236523e+0
745 1.29635818e-6 1.56148948e+0
750 1.52546463e-6 1.56027419e+0
755 1.83404900e-6 1.55853956e+0
760 2.27601576e-6 1.55594099e+0
765 2.96806411e-6 1.55172950e+0
770 4.21872357e-6 1.54392101e+0
775 7.19698121e-6 1.52498757e+0
780 2.37253543e-5 1.41831744e+0
785 1.79967196e-5 -1.45376975e+0
790 6.55372868e-6 -1.52738197e+0
795 3.98538594e-6 -1.54365760e+0
800 2.84772553e-6 -1.55071243e+0
805 2.20217692e-6 -1.55458871e+0
810 1.78373827e-6 -1.55698947e+0
815 1.48867386e-6 -1.55857916e+0
820 1.26803664e-6 -1.55966907e+0
825 1.09571052e-6 -1.56042284e+0
830 9.56483616e-7 -1.56093293e+0
835 8.40890156e-7 -1.56125355e+0
840 7.42726825e-7 -1.56141609e+0
845 6.57754312e-7 -1.56143690e+0
850 5.82972773e-7 -1.56132085e+0
855 5.16195494e-7 -1.56106264e+0
860 4.55786659e-7 -1.56064606e+0
865 4.00493877e-7 -1.56004121e+0
870 3.49337692e-7 -1.55919853e+0
875 3.01536557e-7 -1.55803736e+0
880 2.56454551e-7 -1.55642325e+0
885 2.13564077e-7 -1.55411991e+0
890 1.72418683e-7 -1.55067669e+0
895 1.32633039e-7 -1.54512166e+0
900 9.38688602e-8 -1.53491375e+0
905 5.58312252e-8 -1.51066543e+0
910 1.83766332e-8 -1.38652419e+0
915 1.97585219e-8 1.39767048e+0
920 5.72338218e-8 1.51021134e+0
925 9.52748562e-8 1.53348571e+0
930 1.34041930e-7 1.54340086e+0
935 1.73830575e-7 1.54880772e+0
940 2.14978805e-7 1.55214498e+0
945 2.57871359e-7 1.55435315e+0
950 3.02953798e-7 1.55586980e+0
955 3.50752433e-7 1.55692405e+0
960 4.01901343e-7 1.55764523e+0
965 4.57179421e-7 1.55810933e+0
970 5.17562253e-7 1.55836084e+0
975 5.84296505e-7 1.55842361e+0
980 6.59009367e-7 1.55830612e+0
985 7.43874244e-7 1.55800345e+0
990 8.41869885e-7 1.55749667e+0
995 9.57201044e-7 1.55674958e+0
1000 1.09601209e-6 1.55570167e+0
1005 1.26766306e-6 1.55425431e+0
1010 1.48716388e-6 1.55224374e+0
1015 1.78021165e-6 1.54938443e+0
1020 2.19478241e-6 1.54513818e+0
1025 2.83197626e-6 1.53836523e+0
1030 3.94765557e-6 1.52617307e+0
1035 6.43104067e-6 1.49848318e+0
1040 1.68528016e-5 1.38003311e+0
1045 2.51347377e-5 -1.28153979e+0
1050 7.39203106e-6 -1.48546735e+0
1055 4.29718265e-6 -1.52007565e+0
1060 3.01244210e-6 -1.53415065e+0
1065 2.30561718e-6 -1.54166921e+0
1070 1.85580149e-6 -1.54625995e+0
1075 1.54249788e-6 -1.54928098e+0
1080 1.31030801e-6 -1.55135294e+0
1085 1.13019857e-6 -1.55279713e+0
1090 9.85480006e-7 -1.55379379e+0
1095 8.65872063e-7 -1.55444871e+0
1100 7.64692089e-7 -1.55482435e+0
1105 6.77403586e-7 -1.55495522e+0
1110 6.00814494e-7 -1.55485554e+0
1115 5.32609371e-7 -1.55452231e+0
1120 4.71063691e-7 -1.55393513e+0
1125 4.14862488e-7 -1.55305280e+0
1130 3.62981356e-7 -1.55180541e+0
1135 3.14606045e-7 -1.55007897e+0
1140 2.69076710e-7 -1.54768537e+0
1145 2.25848371e-7 -1.54430037e+0
1150 1.84462353e-7 -1.53932368e+0
1155 1.44525683e-7 -1.53151768e+0
1160 1.05697671e-7 -1.51787387e+0
1165 6.76904785e-8 -1.48872522e+0
1170 3.03727135e-8 -1.38710773e+0
1175 9.37608953e-9 9.32494068e-1
1180 4.53391285e-8 1.44549221e+0
1185 8.29742877e-8 1.50097089e+0
1190 1.21324571e-7 1.52166917e+0
1195 1.60622264e-7 1.53232450e+0
1200 2.01181294e-7 1.53870258e+0
1205 2.43366271e-7 1.54285225e+0
1210 2.87599978e-7 1.54568130e+0
1215 3.34380299e-7 1.54765038e+0
1220 3.84304508e-7 1.54901458e+0
1225 4.38102832e-7 1.54992265e+0
1230 4.96685369e-7 1.55046251e+0
1235 5.61208999e-7 1.55068361e+0
1240 6.33175185e-7 1.55060806e+0
1245 7.14576917e-7 1.55023540e+0
1250 8.08126491e-7 1.54954293e+0
1255 9.17621478e-7 1.54848195e+0
1260 1.04855796e-6 1.54696846e+0
1265 1.20921093e-6 1.54486475e+0
1270 1.41265750e-6 1.54194351e+0
1275 1.68086625e-6 1.53781402e+0
1280 2.05381685e-6 1.53175659e+0
1285 2.61272188e-6 1.52229976e+0
1290 3.55155137e-6 1.50591468e+0
1295 5.47537176e-6 1.47154494e+0
1300 1.16639814e-5 1.35840191e+0
1305 4.41034584e-5 -6.40414971e-1
1310 8.88370143e-6 -1.40638316e+0
1315 4.75611334e-6 -1.48122433e+0
1320 3.22584419e-6 -1.50835788e+0
1325 2.42558299e-6 -1.52215546e+0
1330 1.93092288e-6 -1.53035924e+0
1335 1.59286384e-6 -1.53567523e+0
1340 1.34565733e-6 -1.53929047e+0
1345 1.15579478e-6 -1.54180332e+0
1350 1.00440200e-6 -1.54354358e+0
1355 8.80032186e-7 -1.54470286e+0
1360 7.75335087e-7 -1.54539409e+0
1365 6.85370432e-7 -1.54568057e+0
1370 6.06690606e-7 -1.54559036e+0
1375 5.36812127e-7 -1.54512232e+0
1380 4.73896284e-7 -1.54424644e+0
1385 4.16548245e-7 -1.54289856e+0
1390 3.63686280e-7 -1.54096767e+0
1395 3.14454030e-7 -1.53827064e+0
1400 2.68160125e-7 -1.53450221e+0
1405 2.24235736e-7 -1.52913067e+0
1410 1.82204495e-7 -1.52115830e+0
1415 1.41662059e-7 -1.50848955e+0
1420 1.02267253e-7 -1.48588373e+0
1425 6.37685317e-8 -1.43562964e+0
1430 2.63809105e-8 -1.23964165e+0
1435 1.56917242e-8 9.88843466e-1
1440 5.20052873e-8 1.40198902e+0
1445 9.02531927e-8 1.47183676e+0
1450 1.29369616e-7 1.49986293e+0
1455 1.69550621e-7 1.51473071e+0
1460 2.11117066e-7 1.52377478e+0
1465 2.54455101e-7 1.52971573e+0
1470 3.00019168e-7 1.53378939e+0
1475 3.48349596e-7 1.53663294e+0
1480 4.00099827e-7 1.53860275e+0
1485 4.56074972e-7 1.53990758e+0
1490 5.17286461e-7 1.54067049e+0
1495 5.85030929e-7 1.54095935e+0
1500 6.61006936e-7 1.54080186e+0
1505 7.47492701e-7 1.54019140e+0
1510 8.47625819e-7 1.53908629e+0
1515 9.65860702e-7 1.53740212e+0
1520 1.10875130e-6 1.53499437e+0
1525 1.28636540e-6 1.53162403e+0
1530 1.51501706e-6 1.52688880e+0
1535 1.82301291e-6 1.52007673e+0
1540 2.26415554e-6 1.50982006e+0
1545 2.95472140e-6 1.49314377e+0
1550 4.20054260e-6 1.46217700e+0
1555 7.13795153e-6 1.38733003e+0
1560 2.11146381e-5 1.00223011e+0
1565 1.58677753e-5 -1.15200253e+0
1570 6.34614613e-6 -1.40538977e+0
1575 3.91016645e-6 -1.46714502e+0
1580 2.80732339e-6 -1.49439552e+0
1585 2.17624221e-6 -1.50949714e+0
1590 1.76537942e-6 -1.51891502e+0
1595 1.47487371e-6 -1.52520043e+0
1600 1.25724578e-6 -1.52955706e+0
1605 1.08704230e-6 -1.53262141e+0
1610 9.49389684e-7 -1.53475591e+0
1615 8.35011292e-7 -1.53617548e+0
1620 7.37817257e-7 -1.53700779e+0
1625 6.53640299e-7 -1.53732345e+0
1630 5.79528555e-7 -1.53715086e+0
1635 5.13328647e-7 -1.53648199e+0
1640 4.53428863e-7 -1.53527137e+0
1645 3.98594974e-7 -1.53342778e+0
1650 3.47861862e-7 -1.53079589e+0
1655 3.00459996e-7 -1.52712006e+0
1660 2.55764397e-7 -1.52197278e+0
1665 2.13258712e-7 -1.51460376e+0
1670 1.72510232e-7 -1.50358841e+0
1675 1.33154921e-7 -1.48588153e+0
1680 9.48993165e-8 -1.45365331e+0
1685 5.75926748e-8 -1.37909239e+0
1690 2.21463192e-8 -1.05439048e+0
1695 2.09613542e-8 1.01975171e+0
1700 5.61845907e-8 1.37203579e+0
1705 9.33544201e-8 1.44950928e+0
1710 1.31418640e-7 1.48253981e+0
1715 1.70511349e-7 1.50055074e+0
1720 2.10913201e-7 1.51168803e+0
1725 2.52972387e-7 1.51909156e+0
1730 2.97100556e-7 1.52422147e+0
1735 3.43785728e-7 1.52784308e+0
1740 3.93614484e-7 1.53039028e+0
1745 4.47303818e-7 1.53212081e+0
1750 5.05746035e-7 1.53318960e+0
1755 5.70072780e-7 1.53368568e+0
1760 6.41748334e-7 1.53365080e+0
1765 7.22709111e-7 1.53308770e+0
1770 8.15578572e-7 1.53196102e+0
1775 9.24010023e-7 1.53019138e+0
1780 1.05325596e-6 1.52764045e+0
1785 1.21116037e-6 1.52408156e+0
1790 1.40999214e-6 1.51914272e+0
1795 1.67008692e-6 1.51219135e+0
1800 2.02778312e-6 1.50208101e+0
1805 2.55497798e-6 1.48652400e+0
1810 3.41639844e-6 1.46024258e+0
1815 5.08789186e-6 1.40783660e+0
1820 9.67779409e-6 1.25885996e+0
1825 3.13019464e-5 1.07771512e-1
1830 1.03203943e-5 -1.23382886e+0
1835 5.26917028e-6 -1.39847182e+0
1840 3.49927587e-6 -1.45402555e+0
1845 2.60233629e-6 -1.48138669e+0
1850 2.05850917e-6 -1.49739642e+0
1855 1.69172940e-6 -1.50769699e+0
1860 1.42614349e-6 -1.51470090e+0
1865 1.22374468e-6 -1.51960511e+0
1870 1.06339581e-6 -1.52306417e+0
1875 9.32404373e-7 -1.52545888e+0
1880 8.22685526e-7 -1.52701757e+0
1885 7.28841690e-7 -1.52787539e+0
1890 6.47128019e-7 -1.52810442e+0
1895 5.74861055e-7 -1.52772834e+0
1900 5.10063830e-7 -1.52672735e+0
1905 4.51243971e-7 -1.52503525e+0
1910 3.97250035e-7 -1.52252775e+0
1915 3.47175676e-7 -1.51899793e+0
1920 3.00294068e-7 -1.51410886e+0
1925 2.56012188e-7 -1.50730051e+0
1930 2.13838782e-7 -1.49759471e+0
1935 1.73362978e-7 -1.48314376e+0
1940 1.34244429e-7 -1.46002610e+0
1945 9.62280137e-8 -1.41828224e+0
1950 5.92696171e-8 -1.32351585e+0
1955 2.48731764e-8 -9.48427796e-1
1960 2.23532829e-8 8.59245746e-1
1965 5.61985831e-8 1.30430275e+0
1970 9.31514136e-8 1.40781829e+0
1975 1.31242693e-7 1.45203895e+0
1980 1.70485740e-7 1.47611704e+0
1985 2.11135733e-7 1.49097233e+0
1990 2.53540849e-7 1.50081672e+0
1995 2.98124816e-7 1.50760709e+0
2000 3.45397183e-7 1.51236721e+0
