#case_id:recorder_probe; note:all_closed
#f[Hz] abs(Y) angle(Y)[rad]
100 2.25051347e-7 -1.57056153e+0
105 1.86915185e-7 -1.57051075e+0
110 1.49757729e-7 -1.57043211e+0
115 1.13185657e-7 -1.57029700e+0
120 7.68246587e-8 -1.57002150e+0
125 4.03052012e-8 -1.56921182e+0
130 3.24921025e-9 -1.54927922e+0
135 3.47482363e-8 1.56854727e+0
140 7.41282932e-8 1.56959249e+0
145 1.15396853e-7 1.56989480e+0
150 1.59146681e-7 1.57001903e+0
155 2.06093676e-7 1.57006922e+0
160 2.57125923e-7 1.57007792e+0
165 3.13374117e-7 1.57005756e+0
170 3.76315925e-7 1.57001269e+0
175 4.47935842e-7 1.56994375e+0
180 5.30979113e-7 1.56984826e+0
185 6.29372035e-7 1.56972075e+0
190 7.48952231e-7 1.56955185e+0
195 8.98813724e-7 1.56932607e+0
200 1.09397010e-6 1.56901713e+0
205 1.36113779e-6 1.56857776e+0
210 1.75294041e-6 1.56791433e+0
215 2.38942513e-6 1.56681281e+0
220 3.61705518e-6 1.56465488e+0
225 7.01907941e-6 1.55861419e+0
230 6.63917559e-5 1.45237847e+0
235 9.31594373e-6 -1.55375372e+0
240 4.43462285e-6 -1.56243740e+0
245 2.93689472e-6 -1.56508058e+0
250 2.20659944e-6 -1.56635395e+0
255 1.77194317e-6 -1.56709961e+0
260 1.48207054e-6 -1.56758672e+0
265 1.27382211e-6 -1.56792787e+0
270 1.11608853e-6 -1.56817840e+0
275 9.91763518e-7 -1.56836865e+0
280 8.90656550e-7 -1.56851655e+0
285 8.06313852e-7 -1.56863334e+0
290 7.34444849e-7 -1.56872631e+0
295 6.72081448e-7 -1.56880032e+0
300 6.17100568e-7 -1.56885863e+0
305 5.67938984e-7 -1.56890334e+0
310 5.23415675e-7 -1.56893569e+0
315 4.82617045e-7 -1.56895620e+0
320 4.44820340e-7 -1.56896469e+0
325 4.09441029e-7 -1.56896027e+0
330 3.75995619e-7 -1.56894115e+0
335 3.44074620e-7 -1.56890441e+0
340 3.13322273e-7 -1.56884548e+0
345 2.83420796e-7 -1.56875734e+0
350 2.54077586e-7 -1.56862900e+0
355 2.25014260e-7 -1.56844276e+0
360 1.95956635e-7 -1.56816862e+0
365 1.66624873e-7 -1.56775229e+0
370 1.36723039e-7 -1.56708538e+0
375 1.05927221e-7 -1.56591821e+0
380 7.38712046e-8 -1.56352468e+0
385 4.01287177e-8 -1.55655813e+0
390 4.22559331e-9 -1.42282158e+0
395 3.46055459e-8 1.55064133e+0
400 7.70130716e-8 1.56037974e+0
405 1.24093977e-7 1.56315367e+0
410 1.77232468e-7 1.56429290e+0
415 2.38331982e-7 1.56475261e+0
420 3.10093841e-7 1.56482193e+0
425 3.96497853e-7 1.56459857e+0
430 5.03675788e-7 1.56409621e+0
435 6.41611498e-7 1.56326758e+0
440 8.27751935e-7 1.56198918e+0
445 1.09561300e-6 1.55999645e+0
450 1.51885569e-6 1.55668723e+0
455 2.29714826e-6 1.55041098e+0
460 4.22683678e-6 1.53456153e+0
465 1.74216248e-5 1.42475525e+0
470 9.27115493e-6 -1.49468529e+0
475 3.85073835e-6 -1.53958933e+0
480 2.48954139e-6 -1.55076104e+0
485 1.86706901e-6 -1.55580756e+0
490 1.50836274e-6 -1.55867039e+0
495 1.27375952e-6 -1.56050756e+0
500 1.10740116e-6 -1.56178175e+0
505 9.82571150e-7 -1.56271389e+0
510 8.84879156e-7 -1.56342270e+0
515 8.05884054e-7 -1.56397756e+0
520 7.40304423e-7 -1.56442166e+0
525 6.84663748e-7 -1.56478319e+0
530 6.36577373e-7 -1.56508126e+0
535 5.94352432e-7 -1.56532918e+0
540 5.56751363e-7 -1.56553639e+0
545 5.22845870e-7 -1.56570968e+0
550 4.91923334e-7 -1.56585387e+0
555 4.63424846e-7 -1.56597233e+0
560 4.36902977e-7 -1.56606723e+0
565 4.11992222e-7 -1.56613970e+0
570 3.88387760e-7 -1.56618991e+0
575 3.65829798e-7 -1.56621700e+0
580 3.44091689e-7 -1.56621898e+0
585 3.22970606e-7 -1.56619241e+0
590 3.02279928e-7 -1.56613200e+0
595 2.81842709e-7 -1.56602982e+0
600 2.61485731e-7 -1.56587409e+0
605 2.41033707e-7 -1.56564712e+0
610 2.20303232e-7 -1.56532176e+0
615 1.99096004e-7 -1.56485478e+0
620 1.77190769e-7 -1.56417402e+0
625 1.54333247e-7 -1.56315087e+0
630 1.30222987e-7 -1.56153450e+0
635 1.04495657e-7 -1.55876751e+0
640 7.66986217e-8 -1.55332769e+0
645 4.62580695e-8 -1.53911803e+0
650 1.24837354e-8 -1.43834270e+0
655 2.59830522e-8 1.49706499e+0
660 7.00718738e-8 1.53799624e+0
665 1.22038719e-7 1.54735997e+0
670 1.84856929e-7 1.55077814e+0
675 2.63188570e-7 1.55180277e+0
680 3.64731259e-7 1.55133013e+0
685 5.03175121e-7 1.54947159e+0
690 7.05459323e-7 1.54580573e+0
695 1.03293620e-6 1.53901489e+0
700 1.66208413e-6 1.52505275e+0
705 3.39150423e-6 1.48531699e+0
710 2.60336459e-5 9.14040464e-1
715 4.97820533e-6 -1.46022170e+0
720 2.47210275e-6 -1.51837148e+0
725 1.69963260e-6 -1.53600860e+0
730 1.32243772e-6 -1.54446120e+0
735 1.09762010e-6 -1.54938861e+0
740 9.47446552e-7 -1.55259759e+0
745 8.39368713e-7 -1.55484268e+0
750 7.57356399e-7 -1.55649422e+0
755 6.92596709e-7 -1.55775495e+0
760 6.39841107e-7 -1.55874496e+0
765 5.95766983e-7 -1.55953973e+0
770 5.58166707e-7 -1.56018898e+0
775 5.25514444e-7 -1.56072667e+0
780 4.96720172e-7 -1.56117667e+0
785 4.70982844e-7 -1.56155614e+0
790 4.47698953e-7 -1.56187763e+0
795 4.26403525e-7 -1.56215037e+0
800 4.06730816e-7 -1.56238115e+0
805 3.88387394e-7 -1.56257489e+0
810 3.71133214e-7 -1.56273499e+0
815 3.54767986e-7 -1.56286358e+0
820 3.39121101e-7 -1.56296160e+0
825 3.24043978e-7 -1.56302884e+0
830 3.09404081e-7 -1.56306383e+0
835 2.95080047e-7 -1.56306368e+0
840 2.80957558e-7 -1.56302371e+0
845 2.66925615e-7 -1.56293692e+0
850 2.52872995e-7 -1.56279312e+0
855 2.38684604e-7 -1.56257755e+0
860 2.24237505e-7 -1.56226869e+0
865 2.09396286e-7 -1.56183456e+0
870 1.94007388e-7 -1.56122640e+0
875 1.77891847e-7 -1.56036702e+0
880 1.60835654e-7 -1.55912831e+0
885 1.42576577e-7 -1.55728368e+0
890 1.22785606e-7 -1.55439622e+0
895 1.01040245e-7 -1.54951324e+0
900 7.67855123e-8 -1.54012027e+0
905 4.92798131e-8 -1.51686720e+0
910 1.76123475e-8 -1.39395482e+0
915 2.07289330e-8 1.38869910e+0
920 6.64227366e-8 1.49926847e+0
925 1.24033275e-7 1.51995163e+0
930 1.99496243e-7 1.52633717e+0
935 3.03814011e-7 1.52669485e+0
940 4.59315257e-7 1.52228196e+0
945 7.19188833e-7 1.51121884e+0
950 1.24868764e-6 1.48515821e+0
955 2.93977117e-6 1.39652105e+0
960 1.50454101e-5 -6.63633613e-1
965 2.79254178e-6 -1.43749807e+0
970 1.60048675e-6 -1.50019598e+0
975 1.16539197e-6 -1.52249440e+0
980 9.38969741e-7 -1.53377675e+0
985 7.99285235e-7 -1.54052219e+0
990 7.03896177e-7 -1.54497366e+0
995 6.34162380e-7 -1.54811054e+0
1000 5.80612502e-7 -1.55042715e+0
1005 5.37922935e-7 -1.55219915e+0
1010 5.02870184e-7 -1.55359196e+0
1015 4.73387074e-7 -1.55471053e+0
1020 4.48085813e-7 -1.55562446e+0
1025 4.25999012e-7 -1.55638157e+0
1030 4.06430655e-7 -1.55701565e+0
1035 3.88866146e-7 -1.55755111e+0
1040 3.72915781e-7 -1.55800593e+0
1045 3.58277966e-7 -1.55839346e+0
1050 3.44714560e-7 -1.55872370e+0
1055 3.32033879e-7 -1.55900410e+0
1060 3.20078693e-7 -1.55924011e+0
1065 3.08717533e-7 -1.55943554e+0
1070 2.97838255e-7 -1.55959279e+0
1075 2.87343129e-7 -1.55971297e+0
1080 2.77145001e-7 -1.55979589e+0
1085 2.67164174e-7 -1.55984002e+0
1090 2.57325760e-7 -1.55984229e+0
1095 2.47557326e-7 -1.55979774e+0
1100 2.37786656e-7 -1.55969902e+0
1105 2.27939493e-7 -1.55953560e+0
1110 2.17937105e-7 -1.55929249e+0
1115 2.07693496e-7 -1.55894836e+0
1120 1.97112036e-7 -1.55847248e+0
1125 1.86081220e-7 -1.55781962e+0
1130 1.74469119e-7 -1.55692144e+0
1135 1.62115891e-7 -1.55567099e+0
1140 1.48823401e-7 -1.55389313e+0
1145 1.34340443e-7 -1.55128369e+0
1150 1.18341166e-7 -1.54727157e+0
1155 1.00392826e-7 -1.54066075e+0
1160 7.99069226e-8 -1.52850224e+0
1165 5.60682813e-8 -1.50121523e+0
1170 2.78057831e-8 -1.40196418e+0
1175 9.59667290e-9 9.14568135e-1
1180 5.26860939e-8 1.42347262e+0
1185 1.11812577e-7 1.47327905e+0
1190 1.95455671e-7 1.48568330e+0
1195 3.24132396e-7 1.48320565e+0
1200 5.50344215e-7 1.46593887e+0
1205 1.05869891e-6 1.41587522e+0
1210 3.20525670e-6 1.18114608e+0
1215 4.28213471e-6 -1.12511078e+0
1220 1.61667906e-6 -1.42741109e+0
1225 1.05470170e-6 -1.48672582e+0
1230 8.13487132e-7 -1.51123668e+0
1235 6.78760506e-7 -1.52439719e+0
1240 5.92213163e-7 -1.53250396e+0
1245 5.31515428e-7 -1.53794370e+0
1250 4.86283754e-7 -1.54181458e+0
1255 4.51035485e-7 -1.54468972e+0
1260 4.22602206e-7 -1.54689611e+0
1265 3.99024523e-7 -1.54863315e+0
1270 3.79024830e-7 -1.55002886e+0
1275 3.61733730e-7 -1.55116884e+0
1280 3.46538302e-7 -1.55211230e+0
1285 3.32993271e-7 -1.55290125e+0
1290 3.20766615e-7 -1.55356621e+0
1295 3.09604946e-7 -1.55412966e+0
1300 2.99310759e-7 -1.55460840e+0
1305 2.89727019e-7 -1.55501500e+0
1310 2.80726452e-7 -1.55535887e+0
1315 2.72203911e-7 -1.55564696e+0
1320 2.64070807e-7 -1.55588414e+0
1325 2.56250937e-7 -1.55607359e+0
1330 2.48677280e-7 -1.55621688e+0
1335 2.41289448e-7 -1.55631408e+0
1340 2.34031584e-7 -1.55636363e+0
1345 2.26850546e-7 -1.55636223e+0
1350 2.19694247e-7 -1.55630443e+0
1355 2.12510034e-7 -1.55618212e+0
1360 2.05243009e-7 -1.55598372e+0
1365 1.97834172e-7 -1.55569290e+0
1370 1.90218227e-7 -1.55528666e+0
1375 1.82320903e-7 -1.55473233e+0
1380 1.74055505e-7 -1.55398271e+0
1385 1.65318341e-7 -1.55296811e+0
1390 1.55982488e-7 -1.55158247e+0
1395 1.45889033e-7 -1.54965828e+0
1400 1.34834469e-7 -1.54691808e+0
1405 1.22552060e-7 -1.54287315e+0
1410 1.08683567e-7 -1.53658932e+0
1415 9.27353802e-8 -1.52606414e+0
1420 7.40102002e-8 -1.50619481e+0
1425 5.15134845e-8 -1.45947967e+0
1430 2.40967825e-8 -1.26816391e+0
1435 1.64931693e-8 9.53964941e-1
1440 6.44660685e-8 1.35808557e+0
1445 1.36820917e-7 1.41429657e+0
1450 2.54076047e-7 1.41964648e+0
1455 4.78437120e-7 1.39011150e+0
1460 1.08059301e-6 1.27691855e+0
1465 4.58866509e-6 3.16141485e-1
1470 1.76334339e-6 -1.26752680e+0
1475 9.74246455e-7 -1.42963940e+0
1480 7.11200624e-7 -1.48026538e+0
1485 5.80111390e-7 -1.50420735e+0
1490 5.01194310e-7 -1.51787987e+0
1495 4.48124081e-7 -1.52659102e+0
1500 4.09721367e-7 -1.53255626e+0
1505 3.80436058e-7 -1.53685638e+0
1510 3.57201247e-7 -1.54007777e+0
1515 3.38184003e-7 -1.54256416e+0
1520 3.22221032e-7 -1.54452934e+0
1525 3.08537942e-7 -1.54611258e+0
1530 2.96598725e-7 -1.54740808e+0
1535 2.86020045e-7 -1.54848153e+0
1540 2.76519960e-7 -1.54937991e+0
1545 2.67885931e-7 -1.55013751e+0
1550 2.59954154e-7 -1.55077975e+0
1555 2.52595778e-7 -1.55132567e+0
1560 2.45707461e-7 -1.55178965e+0
1565 2.39204725e-7 -1.55218249e+0
1570 2.33017180e-7 -1.55251222e+0
1575 2.27084993e-7 -1.55278464e+0
1580 2.21356223e-7 -1.55300358e+0
1585 2.15784740e-7 -1.55317121e+0
1590 2.10328553e-7 -1.55328804e+0
1595 2.04948414e-7 -1.55335291e+0
1600 1.99606582e-7 -1.55336284e+0
1605 1.94265675e-7 -1.55331273e+0
1610 1.88887532e-7 -1.55319486e+0
1615 1.83432011e-7 -1.55299819e+0
1620 1.77855637e-7 -1.55270720e+0
1625 1.72109996e-7 -1.55230021e+0
1630 1.66139760e-7 -1.55174681e+0
1635 1.59880126e-7 -1.55100374e+0
1640 1.53253436e-7 -1.55000838e+0
1645 1.46164547e-7 -1.54866779e+0
1650 1.38494367e-7 -1.54683961e+0
1655 1.30090548e-7 -1.54429705e+0
1660 1.20753798e-7 -1.54066052e+0
1665 1.10217149e-7 -1.53525265e+0
1670 9.81137959e-8 -1.52675709e+0
1675 8.39261626e-8 -1.51228964e+0
1680 6.69065896e-8 -1.48426488e+0
1685 4.59855791e-8 -1.41525568e+0
1690 2.03657515e-8 -1.09808841e+0
1695 2.27271907e-8 9.65414456e-1
1700 7.43256855e-8 1.30177751e+0
1705 1.58966171e-7 1.35321347e+0
1710 3.16277399e-7 1.33683806e+0
1715 7.06746834e-7 1.22897193e+0
1720 2.50941348e-6 5.33526291e-1
1725 1.53100961e-6 -1.14851498e+0
1730 8.23294043e-7 -1.38827104e+0
1735 5.97216936e-7 -1.45765912e+0
1740 4.87487460e-7 -1.48923245e+0
1745 4.22465160e-7 -1.50682667e+0
1750 3.79197965e-7 -1.51784001e+0
1755 3.48127337e-7 -1.52527922e+0
1760 3.24572278e-7 -1.53058301e+0
1765 3.05972199e-7 -1.53452016e+0
1770 2.90808715e-7 -1.53753583e+0
1775 2.78124210e-7 -1.53990400e+0
1780 2.67284538e-7 -1.54180161e+0
1785 2.57852734e-7 -1.54334742e+0
1790 2.49517553e-7 -1.54462376e+0
1795 2.42050925e-7 -1.54568920e+0
1800 2.35281552e-7 -1.54658632e+0
1805 2.29077908e-7 -1.54734664e+0
1810 2.23336947e-7 -1.54799377e+0
1815 2.17976400e-7 -1.54854563e+0
1820 2.12929375e-7 -1.54901580e+0
1825 2.08140492e-7 -1.54941459e+0
1830 2.03563043e-7 -1.54974971e+0
1835 1.99156868e-7 -1.55002670e+0
1840 1.94886715e-7 -1.55024930e+0
1845 1.90720941e-7 -1.55041960e+0
1850 1.86630456e-7 -1.55053811e+0
1855 1.82587810e-7 -1.55060375e+0
1860 1.78566384e-7 -1.55061370e+0
1865 1.74539619e-7 -1.55056315e+0
1870 1.70480240e-7 -1.55044484e+0
1875 1.66359423e-7 -1.55024848e+0
1880 1.62145859e-7 -1.54995975e+0
1885 1.57804628e-7 -1.54955888e+0
1890 1.53295813e-7 -1.54901852e+0
1895 1.48572717e-7 -1.54830048e+0
1900 1.43579499e-7 -1.54735058e+0
1905 1.38247968e-7 -1.54609037e+0
1910 1.32493124e-7 -1.54440332e+0
1915 1.26206792e-7 -1.54211062e+0
1920 1.19248324e-7 -1.53892683e+0
1925 1.11430655e-7 -1.53437302e+0
1930 1.02498826e-7 -1.52759278e+0
1935 9.20960712e-8 -1.51691969e+0
1940 7.97094453e-8 -1.49870588e+0
1945 6.45860069e-8 -1.46341732e+0
1950 4.56553381e-8 -1.37734893e+0
1955 2.24558334e-8 -1.01439523e+0
1960 2.43760289e-8 7.75466471e-1
1965 7.74959185e-8 1.19229750e+0
1970 1.75311863e-7 1.24520965e+0
1975 3.90404052e-7 1.17572224e+0
1980 1.12007643e-6 7.74666549e-1
1985 1.45878112e-6 -8.32013855e-1
1990 7.37791837e-7 -1.30185058e+0
1995 5.18230365e-7 -1.41647516e+0
2000 4.18276378e-7 -1.46423380e+0
